Please indicate your age:,What is your gender?,Please specify your ethnicity.,"What is the highest degree or level of school you have completed? (If currently enrolled, highest degree received.)",TIME,Progress,Duration (in seconds),Location Latitude,Location Longitude,Q7,How likely are you to do the following when you use Facebook? - Click on suggested posts,How likely are you to do the following when you use Facebook? - Read articles,How likely are you to do the following when you use Facebook? - Click on links to products,How likely are you to do the following when you use Facebook? - Share photos,How likely are you to do the following when you use Facebook? - Find new connections,How likely are you to do the following when you use Facebook? - Message others,How likely are you to do the following when you use Facebook? - Play games,How likely are you to do the following when you use Facebook? - Others (Please indicate),How likely are you to do the following when you use Facebook? - Others (Please indicate) - Text,The Facebook platform is: - Low end,The Facebook platform is: - Elegant,The Facebook platform is: - Prestigious,The Facebook platform is: - Sophisticated,The Facebook platform is: - Conventional,The Facebook platform is: - Expensive,The Facebook platform is: - Modest,The Facebook platform is: - Stylish,The Facebook platform is: - Sincere,Please indicate the extent to which you agree with the following statements regarding Facebook: - I know a lot about Facebook,Please indicate the extent to which you agree with the following statements regarding Facebook: - Facebook is relevant to me,Please indicate the extent to which you agree with the following statements regarding Facebook: - Facebook stands out from its competitors,Please indicate the extent to which you agree with the following statements regarding Facebook: - I hold Facebook in high regard,"Compared with other used social media platforms, please rate Facebook's website/mobile app experience?","On a scale of 1 to 10, please rate your experience of using Facebook on following aspects: - Design","On a scale of 1 to 10, please rate your experience of using Facebook on following aspects: - Easy to use","On a scale of 1 to 10, please rate your experience of using Facebook on following aspects: - Personalization","On a scale of 1 to 10, please rate your experience of using Facebook on following aspects: - Privacy","On a scale of 1 to 10, please rate your experience of using Facebook on following aspects: - Easy to share","On a scale of 1 to 10, please rate your experience of using Facebook on following aspects: - Easy to make friend","On a scale of 1 to 10, please rate your experience of using Facebook on following aspects: - Useful Information","On a scale of 1 to 10, please rate your experience of using Facebook on following aspects: - Others (please specify)","On a scale of 1 to 10, please rate your experience of using Facebook on following aspects: - Others (please specify) - Text",Please indicate the amount of time you use Facebook per week: - Selected Choice,Please indicate the amount of time you use Facebook per week: - > 8 hours (please specify) - Text,What percent of your total social media usage time is spent on Facebook? - %,How likely are you to recommend Facebook to a colleague or friend?,Q14,The Instagram platform is: - Low end,The Instagram platform is: - Elegant,The Instagram platform is: - Prestigious,The Instagram platform is: - Sophisticated,The Instagram platform is: - Conventional,The Instagram platform is: - Expensive,The Instagram platform is: - Modest,The Instagram platform is: - Stylish,The Instagram platform is: - Sincere,Please indicate the extent to which you agree with the following statements regarding Instagram: - I know a lot about Instagram,Please indicate the extent to which you agree with the following statements regarding Instagram: - Instagram is relevant to me,Please indicate the extent to which you agree with the following statements regarding Instagram: - Instagram stands out from its competitors,Please indicate the extent to which you agree with the following statements regarding Instagram: - I hold Instagram in high regard,"Compared with other used social media platforms, please rate Instagram's website/mobile app experience?","On a scale of 1 to 10, please rate your experience of using Instagram on following aspects: - Design","On a scale of 1 to 10, please rate your experience of using Instagram on following aspects: - Easy to use","On a scale of 1 to 10, please rate your experience of using Instagram on following aspects: - Personalization","On a scale of 1 to 10, please rate your experience of using Instagram on following aspects: - Privacy","On a scale of 1 to 10, please rate your experience of using Instagram on following aspects: - Easy to share","On a scale of 1 to 10, please rate your experience of using Instagram on following aspects: - Easy to make friend","On a scale of 1 to 10, please rate your experience of using Instagram on following aspects: - Useful Information","On a scale of 1 to 10, please rate your experience of using Instagram on following aspects: - Others (please specify)","On a scale of 1 to 10, please rate your experience of using Instagram on following aspects: - Others (please specify) - Text",Please indicate the amount of time you use Instagram per week: - Selected Choice,Please indicate the amount of time you use Instagram per week: - > 8 hours (please specify) - Text,What percent of your total social media usage time is spent on Instagram? - %,How likely are you to recommend Instagram to a colleague or friend?,Q20,The Whatsapp platform is: - Low end,The Whatsapp platform is: - Elegant,The Whatsapp platform is: - Prestigious,The Whatsapp platform is: - Sophisticated,The Whatsapp platform is: - Conventional,The Whatsapp platform is: - Expensive,The Whatsapp platform is: - Modest,The Whatsapp platform is: - Stylish,The Whatsapp platform is: - Sincere,Please indicate the extent to which you agree with the following statements regarding Whatsapp: - I know a lot about Whatsapp,Please indicate the extent to which you agree with the following statements regarding Whatsapp: - Whatsapp is relevant to me,Please indicate the extent to which you agree with the following statements regarding Whatsapp: - Whatsapp stands out from its competitors,Please indicate the extent to which you agree with the following statements regarding Whatsapp: - I hold Whatsapp in high regard,"Compared with other used social media platforms, please rate Whatsapp's website/mobile app experience?","On a scale of 1 to 10, please rate your experience of using Whatsapp on following aspects: - Design","On a scale of 1 to 10, please rate your experience of using Whatsapp on following aspects: - Easy to use","On a scale of 1 to 10, please rate your experience of using Whatsapp on following aspects: - Personalization","On a scale of 1 to 10, please rate your experience of using Whatsapp on following aspects: - Privacy","On a scale of 1 to 10, please rate your experience of using Whatsapp on following aspects: - Easy to share","On a scale of 1 to 10, please rate your experience of using Whatsapp on following aspects: - Easy to make friend","On a scale of 1 to 10, please rate your experience of using Whatsapp on following aspects: - Useful Information","On a scale of 1 to 10, please rate your experience of using Whatsapp on following aspects: - Others (please specify)","On a scale of 1 to 10, please rate your experience of using Whatsapp on following aspects: - Others (please specify) - Text",Please indicate the amount of time you use Whatsapp per week: - Selected Choice,Please indicate the amount of time you use Whatsapp per week: - > 8 hours (please specify) - Text,What percent of your total social media usage time is spent on Whatsapp? - %,How likely are you to recommend Whatsapp to a colleague or friend?
2,2,5,5,02:00,100,132,21.34300232,-157.934906,2,4,2,3,2,5,3,5,1,,6,5,3,3,5,5,4,4,5,4,6,5,2,2,3,6,4,7,5,7,8,0,,2,,26,5,2,5,5,3,5,4,1,5,6,6,2,5,5,4,2,3,6,5,7,7,3,3,0,,2,,35,7,2,3,4,5,5,1,3,5,5,5,1,4,4,2,2,0,2,7,5,8,7,2,0,,3,,31,7
3,1,1,8,04:00,100,228,40.44059753,-79.99590302,5,4,4,4,4,3,4,4,4,,5,5,5,5,5,5,5,5,5,5,4,4,3,4,7,7,6,2,7,6,7,0,NA,3,,17,4,4,5,5,5,5,5,5,5,5,5,3,3,4,4,3,5,5,5,5,5,5,5,0,NA,1,,0,5,1,5,5,5,5,5,5,5,5,5,4,4,4,4,3,0,0,0,0,0,0,0,0,,1,,0,5
3,1,1,8,04:00,100,285,39.59750366,-84.15599823,5,5,5,5,4,4,5,5,5,,6,3,1,1,1,1,1,1,4,5,6,4,4,3,7,8,1,5,6,5,3,0,,4,,73,1,1,5,5,5,5,5,5,5,5,5,1,1,4,4,3,0,0,0,0,0,0,0,0,,1,,0,0,1,5,5,5,5,5,5,5,5,5,1,1,4,4,3,0,0,0,0,0,0,0,0,,1,,0,0
4,1,1,8,04:00,100,251,37.75100708,-97.8219986,4,3,3,3,3,3,3,3,3,,5,5,5,5,5,5,5,5,5,5,5,5,5,3,5,6,7,8,8,7,7,7,,4,,68,7,4,5,5,5,5,5,5,5,5,5,5,5,5,5,4,7,6,7,7,7,8,8,7,,4,,63,7,4,4,4,4,4,4,4,4,4,4,6,6,6,6,4,6,7,8,8,9,5,6,7,,3,,55,8
2,2,1,9,05:00,100,274,28.02879333,-82.76889801,5,1,1,1,1,1,1,1,2,,3,3,3,3,6,3,5,5,5,6,6,6,7,1,6,7,7,8,6,6,7,4,,4,,62,7,5,1,6,6,6,6,6,6,6,6,6,6,6,7,1,8,8,9,8,8,7,7,8,,5,,57,7,1,5,5,5,5,5,5,5,5,5,5,5,5,5,3,0,0,1,1,1,1,1,1,,1,,7,1
2,2,1,8,05:00,100,303,40.4651947,-74.23069763,5,4,1,2,1,4,2,2,5,N/A,4,5,6,6,6,1,4,6,6,7,7,7,7,3,10,10,10,6,10,10,10,4,,5,,50,10,5,1,6,6,6,6,6,6,6,6,7,7,7,7,2,10,10,10,10,10,6,10,0,,5,,20,10,1,6,1,1,1,1,1,1,1,1,1,1,1,1,3,0,0,0,0,0,0,0,0,,1,,0,0
3,1,1,5,05:00,100,311,34.0493927,-118.2640991,2,1,3,2,2,3,4,3,3,,4,3,3,3,4,5,5,6,5,3,5,5,6,3,6,8,7,5,7,4,9,0,,4,,83,9,5,1,6,6,6,4,1,6,6,6,7,7,7,7,3,6,9,8,8,8,9,8,10,,1,,10,10,1,5,5,3,4,4,4,5,3,4,1,1,1,1,4,5,5,5,5,5,5,5,5,,1,,1,5
2,1,1,5,05:00,100,304,41.36799622,-72.45639801,4,5,3,5,4,5,4,5,5,none,6,1,1,1,5,5,3,3,1,4,1,4,1,3,2,2,4,0,5,0,0,0,none,1,,5,0,3,5,5,5,5,5,5,5,5,5,4,4,4,1,3,5,5,0,0,5,0,0,0,none,1,,5,0,1,5,5,5,5,5,5,5,5,5,4,4,4,4,3,0,0,0,0,0,0,0,0,none,1,,0,0
3,1,1,3,05:00,100,338,35.61889648,-120.7668991,5,3,3,5,2,2,2,5,2,na,4,4,3,3,5,3,4,3,1,6,6,6,6,3,6,5,3,1,1,1,3,2,fun,2,,65,5,1,4,3,3,1,4,4,1,1,4,3,3,4,4,3,3,3,4,2,2,1,1,1,cool,1,,1,0,1,1,1,4,3,3,3,3,1,4,1,1,1,1,4,4,6,4,2,1,1,1,1,,1,,1,0
2,2,2,3,05:00,100,319,34.0144043,-117.2771988,2,2,2,2,2,2,2,3,2,,5,3,5,5,5,5,5,5,5,4,4,4,3,3,5,6,5,2,6,5,5,0,,1,,15,5,1,4,5,5,5,5,5,5,5,5,5,5,5,5,2,7,8,6,5,7,2,6,0,,1,,20,8,4,5,5,5,4,4,5,4,4,5,4,4,4,4,3,4,4,4,4,2,2,2,0,,1,,10,5
3,1,1,5,05:00,100,301,32.84260559,-105.9890976,5,1,1,1,1,1,1,2,5,na,3,3,3,3,5,3,3,5,5,6,6,6,6,2,9,7,8,8,8,8,9,0,na,3,,69,9,2,3,3,3,3,3,3,3,5,5,2,2,2,3,3,8,7,5,5,5,5,5,0,na,1,,0,5,1,5,5,5,5,5,5,5,5,5,4,4,4,4,3,0,0,0,2,0,0,0,0,na,1,,0,5
2,2,1,8,04:00,100,258,34.0493927,-118.2640991,1,1,2,1,3,2,2,2,5,nill,6,6,5,6,6,5,6,5,6,5,6,5,7,4,8,9,9,7,7,10,8,10,nill,3,,73,8,4,6,4,5,5,5,6,6,5,5,5,6,6,5,4,8,9,7,9,8,10,8,10,nill,3,,61,9,4,6,5,4,5,6,5,5,6,5,6,5,6,7,4,8,9,8,8,9,9,10,10,nill,2,,67,8
4,1,1,8,05:00,100,319,40.73170471,-73.9885025,3,3,3,3,3,3,3,3,3,,4,4,4,4,4,5,5,5,5,3,4,5,5,4,6,7,7,6,6,6,7,6,,3,,65,6,3,4,5,4,5,4,5,4,4,4,4,5,5,5,3,6,6,5,6,6,6,6,0,,3,,58,6,4,4,4,4,4,4,4,4,5,5,4,4,5,5,3,6,6,6,7,6,5,6,0,,3,,55,6
3,2,1,8,06:00,100,388,38.11289978,-122.1331024,5,3,2,2,1,2,1,2,5,,6,3,3,3,6,3,3,3,1,6,6,6,2,4,4,7,8,1,7,7,7,0,,4,,32,4,5,1,6,6,6,3,6,5,6,6,7,7,7,7,1,9,10,10,2,10,9,10,0,,5,,51,10,4,3,3,4,3,4,3,4,3,3,5,5,5,2,4,2,6,3,3,7,6,7,0,,1,,0,0
4,2,1,8,06:00,100,381,41.10339355,-104.905899,5,3,2,3,1,2,1,5,5,,1,3,3,3,6,1,6,3,4,6,6,6,6,2,5,10,4,8,10,10,6,0,na,3,,91,10,4,3,3,3,3,5,1,5,4,5,3,4,4,4,3,5,5,5,5,5,5,5,0,na,1,,1,5,1,5,5,5,5,5,5,5,5,5,1,4,4,4,3,5,5,5,5,5,5,5,5,na,1,,0,5
3,1,1,8,07:00,100,411,28.2118988,-80.75830078,5,4,3,3,4,2,1,2,4,nothing,6,1,1,1,6,1,1,1,1,6,2,3,1,5,1,1,2,0,4,6,0,10,Fake News,2,,10,1,4,3,1,1,1,6,1,1,1,1,2,1,1,1,3,3,2,2,1,5,0,0,0,nothing,1,,5,5,1,5,5,5,5,5,5,5,5,5,4,4,4,4,3,5,5,5,5,5,5,5,5,never used,1,,0,5
2,1,3,4,07:00,100,403,40.0256958,-74.89160156,5,1,1,5,1,1,1,5,5,,1,4,4,4,6,1,6,4,6,7,7,7,1,3,6,10,3,1,10,5,7,0,,1,,10,4,5,1,6,4,4,6,1,6,6,6,7,7,7,7,1,10,10,10,10,10,10,10,0,,2,,30,10,1,4,4,4,4,4,4,4,4,4,1,1,1,1,3,0,0,0,0,0,0,0,0,,1,,0,0
3,1,1,8,07:00,100,393,39.27839661,-76.55699921,5,4,3,2,4,4,1,2,1,,4,3,1,1,1,4,4,3,4,5,4,4,5,2,5,4,2,7,6,4,6,0,,3,,68,3,3,4,6,6,4,6,4,4,6,3,4,2,6,4,2,2,4,7,5,3,8,7,0,,3,,39,3,2,3,4,6,3,5,4,5,5,4,3,6,5,4,3,7,4,5,7,2,5,3,0,,1,,4,1
2,1,1,8,07:00,100,422,32.94900513,-96.43450165,5,3,3,1,3,4,2,2,2,check for jobs,3,6,4,3,4,4,5,3,4,4,3,5,2,4,3,5,5,7,3,6,7,5,fun,2,,39,5,4,5,5,3,5,3,4,3,4,3,2,3,5,3,2,4,6,4,6,7,5,3,6,talk to friends,3,,53,4,4,3,5,3,3,1,1,3,5,4,3,5,4,3,3,5,3,6,6,8,7,7,5,cost,3,,43,4
3,1,1,5,07:00,100,418,40.76179504,-73.32929993,4,3,2,5,5,3,5,5,5,,6,3,4,4,4,4,6,4,4,5,3,3,1,4,4,6,3,1,5,5,4,0,,2,,10,0,5,3,6,6,6,6,5,4,6,6,7,7,7,7,1,7,7,7,1,7,4,1,0,,5,,80,7,5,4,4,4,6,6,1,4,6,6,7,7,7,7,2,7,7,7,2,7,0,0,0,,2,,10,10
5,2,1,8,06:00,100,383,39.73510742,-75.66840363,5,2,2,2,2,3,1,3,3,Sell items,3,3,3,3,4,3,3,4,4,7,6,6,5,3,7,8,8,5,9,5,6,8,Fun,3,,72,6,4,3,3,3,3,4,3,3,4,4,6,5,5,5,3,5,5,6,5,6,5,6,7,Fun,2,,22,5,1,3,3,3,3,3,3,3,3,3,2,2,2,2,4,3,3,3,4,3,3,3,3,fun,1,,0,4
3,2,1,10,06:00,100,368,29.63130188,-82.58139801,5,4,4,4,1,4,1,4,1,like photos,1,6,6,6,1,6,6,6,6,7,7,7,7,1,10,10,8,4,10,10,10,10,fun,4,,70,10,5,1,6,6,6,1,6,6,6,6,7,7,7,7,1,10,10,10,5,10,10,10,10,fun,3,,30,10,1,4,4,4,4,4,4,4,4,4,1,1,1,1,1,0,0,0,0,0,0,0,0,unknown,1,,0,0
3,1,1,8,07:00,100,431,30.79170227,-81.57309723,5,3,2,3,3,2,3,3,5,n/a,1,5,5,6,4,3,5,6,6,5,6,5,7,3,5,8,3,2,7,9,7,0,n/a,3,,80,10,5,6,6,6,6,6,1,5,6,5,6,7,7,5,3,6,7,4,5,8,6,7,0,n/a,1,,20,10,1,5,5,5,5,5,5,5,5,5,1,1,1,1,3,0,0,0,0,0,0,0,0,n/a,1,,0,0
4,1,1,8,06:00,100,340,29.42410278,-98.49359894,4,3,3,3,4,4,4,4,3,,4,5,5,5,5,5,5,6,5,4,5,5,6,3,5,7,6,5,7,6,7,6,,4,,63,7,4,5,5,5,6,6,6,6,6,6,5,6,6,6,3,6,7,7,6,8,8,7,6,,4,,58,7,5,5,5,5,6,6,6,6,6,6,5,6,6,6,3,6,5,7,7,8,5,7,8,,2,,68,8
2,1,1,8,06:00,100,369,-12.98330688,-38.51669312,1,2,3,2,2,3,3,2,3,,3,5,4,4,5,1,4,4,5,5,6,6,6,3,6,8,8,6,8,8,8,5,,5,,41,6,1,1,4,5,4,4,1,4,5,5,5,4,5,5,3,7,8,9,7,7,5,7,5,,5,,59,8,1,3,4,5,5,4,5,6,5,4,5,6,6,6,2,7,9,9,7,6,6,8,5,,4,,49,9
3,1,1,8,06:00,100,393,34.020401,-84.24449921,1,2,3,4,2,3,4,3,4,like photos,3,5,4,3,5,4,3,4,4,3,4,3,4,3,5,5,6,7,6,5,6,7,chat,1,,60,5,2,3,5,4,3,4,5,4,3,4,5,4,4,3,3,5,6,5,6,4,5,4,5,fun,2,,44,4,1,3,4,5,4,3,4,4,4,3,3,4,3,2,3,5,5,6,4,4,6,5,1,fun,1,,38,6
3,1,3,8,06:00,100,411,40.72140503,-74.00520325,5,1,1,1,1,1,1,1,1,,5,4,5,5,6,4,5,6,4,4,7,7,5,4,10,9,8,7,8,6,7,6,,6,,86,6,5,4,5,6,4,5,6,5,4,4,7,7,4,6,4,5,7,9,7,7,6,9,7,,5,,71,7,5,5,4,6,6,5,3,5,6,4,4,6,5,6,4,6,7,8,10,8,7,9,0,,6,12,93,10
2,1,1,8,08:00,100,445,45.67990112,-89.34600067,5,3,2,3,3,3,2,5,4,,3,3,5,5,4,5,5,6,3,6,5,5,3,2,7,9,4,5,9,7,6,0,,3,,83,2,5,3,5,5,4,4,4,4,6,3,6,5,5,3,3,7,8,6,4,7,3,3,0,,1,,14,1,1,5,5,5,5,5,5,5,5,5,1,1,1,1,3,0,0,0,0,0,0,0,0,,1,,0,0
2,1,1,4,06:00,100,376,35.47799683,-120.4891052,5,2,2,3,2,2,3,3,3,chatting,3,3,3,4,4,3,4,4,4,4,3,4,3,3,4,3,3,4,4,3,4,3,,3,,46,4,3,3,4,4,5,4,5,4,3,4,4,3,3,2,3,4,4,4,4,2,5,4,5,,3,,47,4,3,4,4,4,4,3,3,4,3,3,4,4,3,4,3,4,4,4,3,5,4,4,0,,4,,43,5
2,2,1,7,08:00,100,476,33.37759399,-112.3873978,5,5,2,5,5,5,2,5,4,,6,1,1,1,6,1,5,1,3,5,3,2,2,4,1,6,1,2,7,2,5,5,,2,,5,1,5,3,3,3,3,1,3,3,5,3,6,7,7,6,1,7,9,6,10,7,9,8,5,,5,,85,8,1,5,5,5,5,5,5,5,5,5,1,1,1,1,3,0,0,0,0,0,0,0,0,,1,,0,0
3,2,3,8,07:00,100,435,34.07640076,-118.2626038,5,3,2,3,1,1,2,3,1,,3,3,3,3,3,3,5,5,5,6,6,6,6,3,7,8,6,6,5,6,5,0,,3,,26,6,5,1,5,5,6,6,6,5,6,6,5,6,6,6,1,10,9,9,9,9,8,9,0,,5,,66,9,4,3,3,3,3,3,3,3,5,5,5,3,3,3,3,4,6,5,4,5,5,4,0,,2,,11,3
2,1,2,8,08:00,100,482,33.43569946,-111.917099,5,1,3,4,1,1,1,4,1,shitpost,5,5,5,5,5,5,5,5,5,7,5,5,5,2,1,9,1,1,10,10,9,0,uh.. i don't know,5,,35,10,5,1,6,6,6,6,4,1,6,4,7,7,7,5,1,10,10,1,4,10,10,9,0,don't know this shouldnt be mandatory,5,,50,10,5,1,6,4,4,6,3,6,4,6,7,7,7,7,1,1,10,4,10,10,10,4,0,whatever,6,i work with it most of the day,86,10
3,2,3,8,07:00,100,454,45.02850342,-93.29889679,5,4,2,5,2,5,3,5,5,,4,3,1,1,6,1,5,3,3,7,3,3,1,3,4,5,3,3,7,2,7,0,,1,,15,2,5,1,5,5,5,6,5,5,6,6,7,7,7,7,1,9,10,8,10,8,5,8,0,,5,,65,10,5,1,5,5,5,6,3,6,5,6,6,5,6,6,2,7,10,5,7,10,3,2,0,,1,,10,8
2,2,1,8,07:00,100,434,36.10780334,-86.76899719,5,3,2,3,1,2,2,5,5,,6,3,3,3,6,3,3,3,3,6,6,6,5,2,4,8,8,6,7,7,7,0,,3,,77,9,4,3,6,6,6,4,6,3,6,3,3,6,6,6,1,9,9,7,5,8,9,7,0,,1,,11,8,1,5,5,5,5,5,5,5,5,5,4,4,4,4,3,5,5,5,5,5,5,5,0,,1,,0,0
3,2,1,8,07:00,100,461,41.603302,-87.75469971,4,5,5,5,5,4,3,5,4,NA,3,5,5,6,4,3,4,5,1,5,1,5,1,3,7,8,6,1,7,5,3,0,NA,1,,0,0,2,5,4,3,4,6,3,4,6,3,2,1,5,2,3,5,6,8,1,7,4,2,0,NA,1,,0,0,1,5,5,5,5,5,5,5,5,5,2,2,2,2,3,5,5,5,5,5,5,5,0,NA,1,,0,5
2,1,5,5,06:00,100,401,29.55569458,-95.63349915,5,2,1,1,2,1,1,1,4,,1,6,6,6,5,3,6,5,6,5,7,6,6,1,5,3,7,3,4,8,9,0,,2,,62,9,5,1,6,5,5,5,1,5,5,6,4,4,2,6,4,4,3,8,3,5,3,5,1,,2,,25,8,5,1,6,5,5,4,5,5,6,5,7,4,6,5,2,6,4,10,6,3,8,5,0,,2,,11,8
2,2,1,4,07:00,100,468,36.09860229,-95.92880249,5,1,1,2,2,3,2,3,3,On company pages,1,5,3,3,6,1,1,5,3,6,6,7,6,2,8,9,10,6,9,6,7,8,uniqueness,4,,62,10,4,1,6,4,6,6,1,3,6,3,5,5,6,5,2,8,8,10,8,8,6,6,9,easy to reach out to people,2,,20,7,2,3,4,4,4,6,1,5,3,5,2,2,5,4,3,5,6,5,5,5,5,4,7,easy to message,1,,0,2
3,1,1,4,07:00,100,387,39.9315033,-91.38400269,5,3,1,5,1,1,1,1,5,,1,6,4,6,4,4,6,6,6,7,7,7,7,2,7,9,10,9,7,10,7,6,,4,,90,10,1,5,5,5,5,5,5,5,5,5,1,1,1,1,3,1,1,1,1,1,1,1,1,,1,,0,0,1,5,5,5,5,5,5,5,5,5,1,1,1,1,3,1,1,1,1,1,1,1,1,,1,,0,0
3,1,1,11,09:00,100,522,10.31669617,-72.3167038,3,2,3,2,3,2,2,4,5,,3,3,3,3,3,4,3,3,1,3,3,3,3,4,2,7,3,5,2,5,8,0,,3,,27,4,2,1,5,1,5,3,3,1,4,3,3,4,2,4,3,7,3,7,3,5,7,5,0,,3,,55,2,3,5,5,3,5,3,4,3,5,3,4,6,2,5,4,4,7,2,6,8,2,9,0,,4,,42,4
3,1,1,8,09:00,100,493,43.043396,-87.89450073,4,5,5,5,5,5,5,5,4,,6,1,1,1,6,1,4,1,1,6,2,1,1,4,5,8,2,4,9,5,1,0,,2,,4,0,4,3,3,1,3,6,3,3,4,3,6,5,5,5,2,6,9,2,5,9,3,6,0,,5,,57,5,1,5,5,5,5,5,5,5,5,5,4,4,4,4,3,0,0,0,0,0,0,0,0,,1,,0,0
2,2,1,8,09:00,100,513,26.69630432,-81.94290161,5,3,2,2,1,3,1,2,2,Find groups,1,4,4,4,6,1,3,3,4,7,7,7,7,1,8,10,7,8,10,7,5,10,Messaging system,5,,70,10,2,3,3,3,3,5,3,1,4,3,3,3,3,3,4,5,5,4,7,7,7,3,0,,1,,2,4,1,5,5,5,5,5,5,5,5,5,1,1,1,1,3,0,0,0,0,0,0,0,0,,1,,0,1
4,2,1,9,09:00,100,513,39.0223999,-94.31569672,5,2,3,3,2,3,1,1,1,,3,6,6,6,4,6,3,6,4,5,6,6,5,1,7,6,7,7,7,7,7,1,amount of drama,5,,39,3,4,4,6,6,6,4,4,4,6,5,5,5,5,5,1,6,6,6,6,6,6,6,2,,2,,7,3,1,4,4,4,4,4,4,4,4,4,2,2,2,2,4,1,1,1,1,1,1,1,1,,1,,1,0
3,1,5,8,09:00,100,515,33.89990234,-117.4404984,4,3,3,3,4,4,4,3,2,Join communities,5,5,5,5,6,3,6,5,5,6,4,6,3,3,5,6,6,4,5,6,6,0,,3,,5,3,4,5,5,5,5,5,5,5,6,5,5,5,6,4,3,5,6,5,4,6,4,6,0,,3,,15,5,1,5,5,5,5,5,5,5,5,5,1,1,4,4,3,1,1,1,1,1,1,1,1,,1,,0,0
3,1,1,4,07:00,100,381,40.4066925,-80.1108017,5,2,2,5,1,2,2,3,5,,4,4,4,4,6,1,5,5,5,6,6,5,5,3,6,7,3,3,6,5,5,6,,3,,70,6,5,1,5,6,6,6,1,4,5,5,6,6,6,6,1,9,9,9,8,7,9,9,9,,4,,41,8,1,5,5,5,5,5,5,5,5,5,1,1,1,1,3,5,5,5,5,5,5,5,5,,1,,0,5
5,2,1,9,09:00,100,495,40.78849792,-84.03359985,5,4,3,5,5,5,2,4,4,,3,5,5,5,6,3,6,5,6,5,6,6,6,2,6,8,7,8,7,7,7,0,,2,,90,8,1,5,3,3,4,6,5,6,5,6,1,1,1,1,3,4,2,1,2,1,1,1,0,,1,,0,1,1,5,4,4,4,5,4,6,5,5,1,1,1,1,3,0,0,0,0,0,0,0,0,,1,,0,1
3,1,1,8,09:00,100,518,39.31610107,-76.57520294,5,5,2,5,2,4,2,5,3,Join groups,6,4,4,4,6,1,5,4,3,6,3,3,2,3,7,7,6,1,6,5,5,5,Connectivity,2,,20,3,5,3,4,4,4,6,1,5,5,5,6,6,4,3,2,5,6,6,3,5,3,2,6,Connectivity,3,,70,6,1,5,5,5,5,5,5,5,5,5,1,1,4,4,3,0,0,0,0,0,0,0,0,n/a,1,,0,0
3,2,1,9,08:00,100,474,36.09710693,-95.96269989,5,4,1,2,1,2,1,3,4,,3,3,5,4,6,1,6,5,5,6,6,7,7,1,10,10,10,9,10,10,10,0,,5,,95,10,4,3,4,4,5,5,5,5,5,5,3,3,3,3,3,8,5,5,5,4,1,0,0,,1,,3,5,4,5,5,5,4,5,5,5,5,5,4,4,4,4,3,3,10,0,5,0,0,0,0,,1,,2,7
3,2,1,4,09:00,100,542,30.50349426,-88.14320374,5,4,4,4,2,4,1,1,4,,5,3,5,3,6,5,6,5,3,5,6,6,5,2,3,5,2,3,9,6,7,0,,5,,70,8,5,5,1,4,4,5,3,3,3,3,6,6,5,4,4,4,1,2,5,1,4,1,0,timeline,1,,5,5,4,6,1,1,1,1,1,1,1,1,4,1,1,1,4,0,0,0,0,0,0,0,0,,1,,0,0
3,1,1,8,08:00,100,489,42.29240417,-85.69080353,5,5,2,5,2,2,1,5,5,,3,4,5,3,6,1,6,6,5,5,5,6,2,3,3,2,5,1,8,10,6,0,,3,,78,7,4,4,6,4,3,3,1,6,6,5,3,3,2,3,4,6,1,2,6,4,1,0,0,,1,,7,2,1,3,5,4,3,1,1,5,6,6,1,1,4,2,3,8,2,4,5,0,0,0,0,,1,,0,5
5,2,1,8,08:00,100,518,0,0,5,5,2,5,5,5,3,2,1,comment on posts,3,1,3,1,6,1,4,3,1,6,6,5,1,3,8,9,5,0,10,9,7,0,free of censorship,4,,96,3,2,5,1,1,1,3,1,5,5,5,1,1,1,1,3,5,5,5,5,5,5,5,5,n/a,1,,0,0,2,6,1,1,1,6,1,6,1,5,1,1,1,1,3,5,5,5,5,5,5,5,5,n/a,1,,0,0
4,1,1,7,08:00,100,509,44.45239258,-73.18409729,5,3,1,4,1,5,2,5,5,,1,1,1,5,6,1,4,5,5,5,7,7,5,1,10,10,0,9,10,5,9,0,,5,,90,10,4,4,6,3,6,6,1,6,6,6,1,5,5,5,3,10,10,10,5,10,5,10,0,,3,,10,7,1,6,6,1,1,1,1,6,1,6,1,1,1,1,4,0,10,0,8,0,0,0,0,,1,,0,0
4,2,1,8,08:00,100,522,42.52160645,-83.16329956,5,3,3,4,3,3,2,3,1,comment on other people's posts,3,5,5,5,6,4,5,5,5,6,6,6,5,3,4,6,5,3,7,6,7,0,,3,,50,7,4,3,5,5,5,5,4,4,6,5,5,5,6,5,3,6,5,6,5,6,6,4,0,,1,,11,6,1,5,5,5,5,5,5,5,5,5,1,1,1,1,3,0,0,0,0,0,0,0,0,"I have never used this platform, so I have no idea",1,,0,0
2,2,1,8,07:00,100,462,30.290802,-81.63300323,5,1,1,1,2,2,1,1,2,,6,6,5,5,6,6,5,6,6,6,7,7,6,4,8,9,9,9,9,9,10,10,,4,,77,8,4,6,6,6,6,5,5,6,6,6,5,6,6,7,5,9,9,9,9,9,9,9,10,,4,,82,10,4,6,6,6,5,5,6,6,6,5,6,6,5,5,4,8,9,10,10,10,10,10,10,,5,,80,9
4,2,1,9,09:00,100,569,34.2868042,-118.6139984,5,3,2,5,2,1,1,5,5,buy products,3,6,4,6,3,1,4,6,5,6,6,7,6,1,9,10,9,6,10,9,8,8,easy to find people,3,,65,10,4,3,4,6,6,3,1,3,6,5,5,5,6,6,3,8,7,7,4,2,2,3,2,organization,1,,10,6,1,5,5,5,5,5,5,5,5,5,1,1,1,1,3,1,1,1,1,1,1,1,1,installation,1,,0,5
2,2,5,5,08:00,100,532,33.74740601,-117.9938965,5,3,3,3,2,4,1,2,1,Market business,5,5,5,6,6,4,5,5,4,7,6,6,6,2,8,8,3,2,10,9,6,6,Market business,2,,9,4,5,3,5,5,4,6,4,5,6,5,6,6,7,6,1,10,10,8,8,8,6,4,5,Market business,2,,7,7,4,3,3,3,3,6,5,5,5,5,3,3,2,2,3,7,9,5,3,6,7,2,10,Chat,1,,2,0
6,1,1,5,10:00,100,548,42.20930481,-70.93260193,5,1,3,1,5,1,4,4,3,,3,4,1,5,5,1,4,5,3,4,7,7,5,2,9,9,8,4,6,10,2,0,,4,,73,4,2,5,4,4,4,5,4,4,4,3,1,1,1,1,3,0,0,0,0,0,0,0,0,i don't use it,1,,0,0,1,4,1,1,1,1,1,1,1,1,1,1,1,1,3,1,0,0,0,0,0,0,0,i don't use it,1,,0,0
2,1,1,5,06:00,100,324,30.09829712,-95.35700226,5,2,2,2,3,3,2,4,5,,3,4,4,5,3,3,4,5,5,6,6,6,4,3,7,6,5,6,5,4,7,0,,4,,52,5,5,6,6,6,6,5,1,5,5,5,6,6,6,5,2,8,7,8,6,7,7,7,0,,4,,61,7,1,5,5,5,5,5,5,5,5,5,2,1,1,4,3,3,1,4,2,4,3,3,0,,1,,1,0
3,1,1,4,09:00,100,545,28.15109253,-82.46150208,5,1,1,3,1,1,1,3,5,,1,5,5,1,6,1,4,6,6,6,7,5,5,1,5,10,10,5,10,10,8,0,none,5,,85,10,2,1,6,4,6,3,6,1,6,3,5,3,6,3,4,10,4,3,1,3,1,1,0,none,2,,10,5,4,6,1,3,1,6,1,6,3,6,5,5,6,5,2,5,7,8,5,3,2,2,0,none,1,,5,6
3,1,1,4,08:00,100,481,47.63549805,-122.3235016,5,2,4,5,3,4,3,5,5,,4,3,3,3,6,3,4,3,3,5,5,6,2,4,7,8,8,1,8,7,2,0,,2,,10,4,5,3,6,6,4,4,3,5,6,6,6,6,7,5,2,8,9,6,6,8,3,5,0,,4,,40,8,2,6,3,4,3,6,3,6,3,4,2,2,5,2,3,5,7,4,5,8,5,3,0,,1,,5,5
3,1,1,9,09:00,100,539,37.75100708,-97.8219986,4,3,4,4,3,2,3,4,1,BROWSING,6,5,4,5,4,5,5,6,5,4,5,6,5,3,6,7,7,6,5,6,6,5,,2,,75,7,4,5,6,5,6,5,6,5,6,5,6,5,5,6,4,5,6,4,6,5,5,5,5,,2,,64,6,4,6,6,6,6,6,6,6,6,6,6,5,5,6,4,6,5,7,8,6,8,7,6,,2,,65,6
3,1,3,8,10:00,100,619,25.7631073,-80.19110107,5,1,1,2,3,2,1,2,4,share videos,6,4,6,4,6,5,6,5,6,5,7,6,7,1,8,9,10,8,9,8,9,8,editing,3,,91,8,4,6,5,5,6,4,6,5,6,5,7,6,7,6,2,8,9,8,9,8,9,8,9,look,4,,70,8,5,6,6,5,6,5,4,5,6,5,6,6,5,6,1,8,9,8,9,8,9,7,9,feedback,5,,88,8
6,2,1,8,09:00,100,581,34.28529358,-92.14859772,5,1,1,2,1,3,1,5,4,,5,4,5,4,6,5,5,5,5,7,7,6,6,1,0,10,7,3,10,10,10,0,,5,,80,10,4,5,4,5,5,5,5,5,5,5,4,5,4,4,3,0,10,10,5,10,5,5,0,,2,,11,10,1,5,5,5,5,5,5,5,5,5,1,1,1,1,3,0,0,0,0,0,0,0,0,,1,,59,0
2,1,1,9,09:00,100,560,40.55990601,-115.6155014,5,5,3,3,1,3,2,1,3,Create ads,3,3,3,3,6,1,3,3,3,7,7,7,3,1,8,9,6,1,9,8,4,5,Business management,6,30,91,8,4,6,3,1,1,6,1,6,5,5,3,2,1,1,4,3,2,1,1,9,0,1,0,Non-mobile use,1,,2,2,4,6,3,3,3,6,1,6,3,5,2,1,1,1,4,2,8,0,6,0,0,0,0,Easy to share gifs,1,,1,1
6,2,1,7,09:00,100,551,45.52879333,-122.3590012,5,3,3,4,1,2,1,4,5,Search for past friends,1,6,6,6,6,3,5,6,6,7,7,7,6,1,10,10,10,5,9,9,8,9,Fun to see family,6,,81,7,1,5,5,5,5,5,5,5,5,5,1,1,4,4,4,0,0,0,0,0,0,0,0,Don't use,1,,1,0,5,1,5,5,5,6,3,6,5,6,4,6,4,4,3,8,9,7,8,8,5,1,7,Works well,2,,20,5
3,1,5,8,07:00,100,441,40.28300476,-74.62169647,5,3,3,3,2,2,2,3,5,n/a,3,6,6,6,6,3,6,6,5,6,6,6,6,3,6,7,6,3,6,6,6,0,n/a,1,,56,6,4,4,6,6,6,5,5,5,5,5,4,4,4,4,3,6,5,5,5,5,5,5,0,n/a,1,,22,6,4,3,5,5,5,5,5,5,5,5,5,5,5,5,3,4,5,5,3,6,4,5,0,n/a,1,,28,6
3,1,1,7,10:00,100,606,43.89880371,-69.97250366,5,2,2,5,1,2,1,5,1,Like Photos,6,3,1,1,6,1,3,1,5,7,3,1,1,5,1,3,3,9,10,9,9,8,Portability,1,,10,3,5,1,6,5,5,5,1,1,6,6,7,7,7,7,1,10,10,10,8,10,10,10,10,Always changing,3,,90,10,2,4,1,1,6,3,5,3,3,1,2,2,5,2,3,6,6,8,10,8,6,6,10,Cheap,1,,1,6
3,1,3,8,08:00,100,479,28.53109741,-80.85230255,5,4,1,4,3,3,1,4,4,,1,6,6,6,5,1,5,1,6,6,7,7,7,1,10,10,10,10,10,10,10,0,,5,,76,10,5,1,6,5,5,1,1,5,6,5,7,7,7,7,1,10,10,10,10,10,10,10,0,,4,,24,10,1,5,5,5,5,5,5,5,5,5,1,1,4,1,3,0,0,0,0,0,0,0,0,,1,,0,0
3,2,1,5,11:00,100,612,42.33180237,-83.3710022,5,3,1,3,1,1,1,5,1,Na,5,5,5,6,6,3,3,3,4,7,7,7,7,2,7,8,7,9,10,7,7,1,Na,4,,82,9,4,4,6,6,6,4,5,4,6,6,5,7,7,7,2,9,8,5,9,2,2,6,0,Na,4,,14,7,1,1,1,1,1,1,1,1,1,1,1,1,1,1,5,0,0,0,0,0,0,0,0,Na,1,,0,0
3,2,1,11,10:00,100,575,10.31669617,-72.3167038,5,1,1,1,1,1,1,1,1,,6,6,6,6,6,6,6,6,6,7,7,7,7,1,4,4,6,4,5,5,5,0,,5,,92,9,5,6,6,6,6,6,6,6,6,6,7,7,7,7,1,9,10,8,8,10,9,9,0,,5,,93,9,5,6,6,6,6,6,6,6,6,6,7,7,7,7,2,9,9,9,10,9,10,10,10,,5,,93,10
4,1,1,8,11:00,100,609,40.76179504,-73.32929993,5,5,5,5,5,4,3,3,5,,6,1,1,1,6,1,5,3,1,6,2,6,1,5,2,6,0,0,2,0,0,10,Openness to foreign adversaries that help swing presidential elections,1,,5,0,5,1,5,4,5,6,3,5,6,5,6,7,7,6,3,8,8,6,3,7,0,8,0,,3,,30,6,1,5,5,5,5,5,5,5,5,5,1,1,1,1,3,0,0,0,0,0,0,0,0,,1,,0,0
3,2,1,8,08:00,100,465,40.79100037,-73.92559814,5,1,2,4,3,5,2,5,5,,1,1,1,1,6,1,6,1,6,6,6,6,4,2,7,5,3,8,9,10,1,0,,3,,80,10,5,1,1,4,5,6,1,3,6,6,7,7,7,7,2,10,6,3,7,10,6,10,0,,1,,10,10,5,1,3,3,3,6,1,6,4,6,7,7,7,7,2,5,9,1,8,8,8,0,0,,1,,5,10
3,2,2,9,11:00,100,637,25.70140076,-80.35820007,5,3,1,3,1,3,3,3,5,,1,3,3,6,6,1,6,3,6,7,7,7,7,1,10,10,7,10,10,10,10,10,Fun,6,I love it. I read a lot of articles on FB.,80,10,5,1,6,1,6,1,1,6,6,1,6,7,7,7,1,10,10,4,10,4,7,6,10,fun,5,,15,10,4,6,1,6,1,6,1,6,1,1,5,5,7,7,3,10,10,3,10,10,10,1,10,Useful,1,,1,10
3,1,1,10,10:00,100,594,40.77619934,-73.95480347,5,5,5,5,5,3,3,5,5,,6,3,3,4,6,1,4,4,3,6,5,2,1,4,6,5,1,0,6,1,1,0,NA,1,,10,1,5,3,6,5,6,5,3,3,6,3,6,7,7,6,1,9,7,9,5,9,7,7,0,NA,4,,75,9,4,4,4,3,3,6,3,3,4,3,5,5,2,2,3,7,2,2,1,0,1,0,0,NA,1,,0,1
2,1,1,4,09:00,100,513,41.77589417,-72.52149963,5,1,1,1,1,1,1,2,1,Post reviews,1,6,6,6,1,1,5,6,6,6,7,7,7,1,9,10,9,10,10,10,10,10,Enjoyable,5,,55,10,5,1,6,6,6,1,1,3,6,6,6,7,7,7,1,10,10,9,7,10,10,5,10,Enjoyable,3,,20,10,5,1,5,5,5,1,1,5,5,6,6,7,7,7,1,10,10,8,9,10,10,10,10,Enjoyable,1,,5,10
5,2,1,8,11:00,100,662,45.67410278,-122.4714966,4,2,2,3,1,1,1,5,1,posts for business,4,3,4,6,6,3,6,5,5,3,5,5,3,3,6,5,6,4,5,9,5,5,dependable,4,,90,5,3,3,5,3,4,6,3,6,6,5,1,1,4,3,3,0,6,0,0,0,8,0,0,don't use,1,,2,5,1,5,5,5,5,5,5,5,5,5,4,4,4,4,3,0,0,0,0,0,0,0,0,don't use,1,,0,0
3,2,1,5,06:00,100,376,25.78059387,-80.18260193,5,4,4,4,3,3,2,2,4,,6,5,5,5,5,4,4,4,4,7,6,6,4,2,6,5,6,6,8,7,5,2,,2,,60,7,5,5,5,6,5,5,5,4,4,4,7,6,6,5,2,8,7,9,6,7,7,8,8,,3,,81,6,5,6,6,6,5,5,5,5,6,6,7,6,6,5,1,7,9,9,9,8,9,9,9,,5,,71,8
3,1,1,8,10:00,100,614,33.50799561,-112.1253967,5,5,2,4,2,4,2,2,2,Watch videos,4,4,3,5,5,4,4,3,3,5,4,3,3,4,2,6,3,1,5,3,1,5,Cooking videos,4,,22,5,5,5,6,5,6,5,5,5,6,6,4,5,5,4,2,6,7,4,3,1,9,5,1,NA,5,,63,5,1,5,5,5,5,5,5,5,5,5,4,4,4,4,3,0,0,0,0,0,0,0,0,,1,,0,5
3,1,1,10,10:00,100,614,29.7203064,-95.31390381,5,3,1,5,5,5,3,5,1,Research local events,3,1,1,1,1,1,1,1,1,7,5,4,4,3,5,5,4,0,5,7,3,8,Find like-minded individuals,5,,90,7,5,3,4,3,3,3,1,5,6,3,7,4,5,4,3,6,7,2,0,6,0,0,0,,2,,10,2,5,3,1,1,1,1,1,1,1,1,7,5,3,3,4,3,1,0,9,0,0,0,0,,5,,10,5
3,1,1,9,09:00,100,524,42.63389587,-71.29570007,1,4,4,3,3,2,2,5,2,like statuses,3,4,5,5,5,1,3,5,5,6,6,6,3,2,5,8,6,1,9,9,9,5,enjoyment,3,,21,2,4,6,5,5,4,4,3,3,3,3,3,2,2,2,4,4,2,2,2,2,2,2,1,enjoyable,1,,0,0,1,6,3,3,3,3,3,3,3,3,1,1,1,1,5,0,0,0,0,0,0,0,0,enjoyment,1,,0,0
2,1,1,8,08:00,100,519,34.62480164,-112.4219971,4,5,2,5,5,4,3,5,5,,4,3,3,3,5,3,3,6,5,5,5,6,2,3,5,7,8,7,8,9,3,0,,1,,5,2,1,5,5,5,5,5,5,5,5,5,2,2,2,4,3,0,0,0,0,0,0,0,0,,1,,0,5,1,5,5,5,5,5,5,5,5,5,2,2,2,4,3,0,0,0,0,0,0,0,0,,1,,0,5
2,2,1,8,10:00,100,626,38.77009583,-77.63210297,5,1,1,1,1,1,1,1,4,security,3,5,5,5,5,3,6,6,6,6,2,6,6,1,9,10,10,8,9,10,10,6,security,5,,50,10,5,3,5,5,5,5,4,5,5,5,6,4,5,5,2,7,7,7,7,7,7,7,7,security,3,,26,7,5,1,6,6,6,6,3,6,6,6,7,2,7,7,1,10,10,10,10,10,10,10,10,total communication,6,,100,10
4,2,1,8,11:00,100,694,41.49729919,-81.4713974,5,5,3,5,5,5,3,5,3,Like a post,6,1,1,1,6,1,1,1,1,6,1,1,1,3,3,4,3,0,4,4,1,4,Follow someone's page,1,,10,0,5,3,6,1,3,4,1,1,5,3,6,5,6,5,1,8,8,6,4,3,3,3,6,Useful,2,,40,6,1,5,3,1,1,4,1,1,1,1,1,1,2,1,3,0,0,0,0,0,0,0,0,Fun to use,1,,0,0
4,2,1,6,09:00,100,594,45.3217926,-122.5231018,4,5,5,5,3,5,5,5,5,,3,3,3,3,6,3,5,3,1,5,3,4,2,3,2,5,4,0,4,10,2,0,,1,,5,0,1,3,6,3,3,5,3,3,6,1,1,2,6,2,3,7,3,9,2,10,4,0,0,,1,,0,0,1,3,3,3,3,6,3,3,3,1,1,2,6,4,3,4,5,1,10,3,0,7,0,,1,,0,0
2,1,1,8,11:00,100,630,29.73950195,-95.38790131,5,2,2,3,1,4,1,5,2,Respond to events,1,6,5,5,3,1,5,6,5,6,6,6,7,2,8,9,9,8,10,7,8,8,Relevancy,5,,66,9,5,1,6,4,4,3,1,5,5,5,6,6,7,6,3,7,8,7,9,2,3,6,3,Clutter,4,,13,8,4,1,5,5,6,3,1,5,4,5,5,6,6,6,3,8,9,5,10,4,2,2,9,Speed,3,,5,8
3,1,2,8,09:00,100,529,26.21589661,-98.32530212,4,5,4,5,5,5,5,4,5,like something,3,4,4,4,5,4,5,4,4,4,2,5,1,3,5,6,6,0,7,6,1,0,privacy,1,,1,0,3,5,5,4,4,5,4,4,4,4,3,1,4,1,3,5,6,4,1,7,5,3,1,video chat,1,,0,0,4,5,4,4,4,5,3,5,4,4,5,3,4,2,3,4,7,4,2,3,3,1,3,calls,1,,1,0
5,2,1,4,12:00,100,704,34.15390015,-117.9918976,5,3,2,4,2,1,1,5,1,post on timeline,3,5,5,6,6,5,4,6,4,6,6,7,5,2,8,9,8,4,8,7,8,0,NA,5,,70,7,4,3,6,6,6,5,6,4,6,6,5,6,5,4,3,6,5,6,5,6,5,6,0,NA,2,,14,6,2,5,4,4,4,5,4,6,5,5,1,1,2,1,3,5,4,5,4,5,4,5,0,NA,1,,0,5
2,2,1,8,06:00,100,327,42.01060486,-87.66860199,5,5,3,4,5,4,1,5,5,,5,5,5,5,5,5,5,5,1,6,2,6,2,3,7,7,6,0,6,6,6,0,,1,,0,0,5,1,6,5,6,6,1,6,6,5,6,6,6,6,2,7,9,8,8,7,10,3,0,,3,,66,8,1,5,5,5,5,5,5,5,5,5,4,4,4,4,3,0,0,0,0,0,0,0,0,,1,,0,0
3,1,1,8,05:00,100,287,37.27220154,-121.8435974,5,1,1,1,2,2,2,3,2,,1,5,6,5,6,1,4,4,4,7,7,6,6,2,8,7,8,8,7,8,7,0,n/a,4,,76,8,5,1,6,5,5,6,6,6,6,5,7,7,4,7,2,7,7,7,7,4,7,7,0,na,3,,23,9,1,1,1,1,1,3,1,1,1,1,1,1,1,1,3,3,3,3,3,3,4,2,1,na,1,,0,0
2,2,1,5,11:00,100,646,41.15319824,-85.48100281,5,2,2,5,2,3,1,2,1,Watch videos,1,6,6,6,3,1,3,6,6,7,7,7,7,1,10,10,8,5,10,10,10,10,Entertaining,5,,100,10,1,5,5,5,5,5,5,5,5,5,1,1,4,4,3,5,5,5,5,5,5,5,5,Not applicable,1,,0,5,1,5,5,5,5,5,5,5,5,5,1,1,4,4,3,5,5,5,5,5,5,5,5,N/A,1,,0,5
3,2,5,7,08:00,100,472,26.36520386,127.758606,5,5,2,5,1,3,1,1,5,,3,1,1,1,3,6,1,1,1,3,1,1,1,5,3,10,1,1,10,10,1,6,convenient,1,,9,0,5,1,4,1,1,1,1,1,6,6,7,7,7,7,4,6,6,8,10,10,10,10,7,fun,3,,51,10,1,6,1,1,1,1,1,1,1,1,1,1,1,1,5,0,0,1,1,0,1,1,1,never used,1,,9,0
3,2,1,4,05:00,100,277,39.61720276,-75.86779785,5,2,2,1,1,5,3,5,5,,3,4,1,3,5,1,4,5,5,6,6,6,4,3,8,9,2,3,8,3,7,0,,4,,80,5,5,3,6,6,6,4,5,3,5,3,6,7,7,7,2,10,9,8,7,10,1,4,0,,3,,20,5,1,5,5,5,5,5,5,5,5,5,2,2,2,2,3,2,1,1,6,1,1,1,0,,1,,0,0
2,1,1,8,11:00,100,645,40.76269531,-73.3227005,5,3,3,3,3,5,5,5,4,,3,3,1,1,6,1,6,4,5,7,6,6,3,3,8,9,2,4,9,8,5,0,n/a,3,,25,8,5,3,1,3,1,6,1,4,5,4,6,6,6,3,2,9,10,2,5,9,9,5,0,,4,,70,9,2,3,1,1,1,6,3,4,3,4,3,5,5,2,3,5,8,2,5,8,5,5,0,n/a,1,,0,5
4,2,4,5,12:00,100,753,40.86849976,-73.83940125,5,5,3,5,1,3,4,5,5,,5,6,4,3,5,3,5,6,5,5,5,4,3,3,6,10,5,2,9,3,2,0,,4,,98,3,1,3,5,4,5,6,5,6,4,5,1,2,3,4,3,4,7,5,8,6,2,2,0,,1,,18,0,1,4,5,6,4,5,3,4,6,5,1,2,5,3,3,2,8,5,4,6,2,1,0,,1,,2,1
5,2,1,8,11:00,100,695,48.18530273,-121.6777954,5,4,1,4,1,1,1,1,1,none,3,4,1,4,5,5,5,4,3,5,5,6,2,3,4,9,7,3,9,9,5,2,,4,,40,6,2,5,6,5,5,5,5,5,5,5,2,2,5,4,2,7,3,8,5,5,5,2,1,,1,,5,1,4,3,5,5,6,4,1,5,6,5,3,5,6,6,1,8,8,5,9,9,3,5,0,,2,,10,9
6,2,1,8,12:00,100,706,41.61230469,-86.13809967,5,2,1,4,3,2,1,5,5,,5,4,4,4,4,3,3,5,3,6,6,5,4,3,8,8,7,6,10,5,9,5,,5,,99,10,1,3,3,3,3,3,3,3,3,3,1,1,4,4,3,0,0,0,0,0,0,0,0,,1,,0,0,1,5,5,5,5,5,5,5,5,5,1,1,1,1,3,0,0,0,0,0,0,0,0,,1,,0,0
3,2,3,8,12:00,100,741,29.79629517,-95.3266983,5,5,2,5,2,3,3,4,5,Browse,3,4,3,3,6,1,1,3,1,7,7,5,2,3,7,9,7,2,9,10,3,9,Alter privacy,4,,20,5,5,4,5,3,3,5,1,1,6,1,7,7,7,5,3,8,8,2,5,8,8,1,6,browsing,3,,31,7,5,5,4,4,4,6,1,6,3,6,5,7,7,5,3,7,6,5,3,7,6,2,6,calls,1,,4,10
2,1,1,5,08:00,100,469,36.41540527,-83.70659637,5,3,2,4,3,3,1,2,1,Read newsfeed,3,6,6,6,6,1,5,6,6,6,7,6,6,1,7,8,7,4,8,8,8,7,Access news,5,,75,8,3,4,5,5,5,6,3,5,6,5,2,3,3,4,3,5,5,5,4,7,5,5,7,Keep up with friends,1,,5,5,1,5,5,5,5,5,5,5,5,5,4,4,4,4,3,5,5,5,5,5,5,5,8,Talking with friends,1,,0,5
3,1,1,8,09:00,100,552,36.63549805,-88.28299713,5,5,4,5,3,5,3,5,3,Like other people's posts,3,1,3,3,6,1,4,1,1,5,6,5,1,4,4,5,1,0,8,4,1,1,Interface Responsiveness,1,,80,0,1,3,4,5,5,3,1,3,6,4,1,1,1,2,3,7,7,5,2,5,4,0,4,Interface Responsiveness,1,,0,0,1,3,4,3,3,1,1,4,5,3,1,1,1,1,4,3,4,3,5,3,2,1,3,Interface Responsiveness,1,,0,0
3,1,1,8,13:00,100,781,40.7644043,-74.18789673,5,3,2,4,1,1,1,2,5,,4,3,1,1,3,4,3,3,1,5,5,6,6,2,6,8,5,5,6,8,6,0,,2,,62,9,5,1,6,6,6,5,3,5,6,5,5,5,6,7,1,7,9,6,6,7,6,6,0,,3,,77,8,4,1,6,5,5,5,6,5,6,5,5,5,4,5,2,6,6,6,7,7,6,7,0,,5,,58,10
2,2,2,7,10:00,100,624,36.16900635,-94.45639801,5,5,5,5,5,5,1,5,5,,5,5,5,5,5,5,5,5,5,4,5,3,1,3,2,1,2,2,2,2,2,0,,1,,5,0,5,5,5,5,5,5,5,5,5,5,4,5,5,5,3,5,5,5,4,4,4,4,0,,4,,80,6,3,5,5,5,5,5,5,5,5,5,4,4,4,4,3,3,1,3,3,2,3,2,2,,1,,0,0
3,1,1,8,12:00,100,749,42.73350525,-87.87319946,5,2,2,3,3,3,1,5,1,post in groups ,3,6,6,6,6,1,6,6,6,6,6,6,6,3,7,9,6,5,8,9,7,6,education,4,,30,7,5,1,6,6,6,5,1,5,6,6,7,7,7,7,1,9,10,10,8,9,8,7,8,photos ,5,,54,10,1,1,6,6,6,5,1,5,6,6,1,1,5,5,3,5,5,5,5,5,5,5,5,none ,1,,1,5
2,1,3,5,10:00,100,600,33.62219238,-84.52310181,5,3,3,3,2,3,2,3,5,,3,3,4,3,3,3,1,4,1,5,5,3,1,4,4,4,2,1,3,1,4,0,,1,,20,6,4,3,6,6,6,4,3,4,5,5,5,5,5,5,2,7,7,4,1,2,2,3,0,,1,,37,7,5,4,6,6,6,6,4,6,6,3,6,6,6,6,2,4,6,5,3,2,3,6,0,,2,,32,9
4,2,3,9,13:00,100,765,38.83779907,-77.00090027,5,3,1,3,2,1,1,5,2,get news,4,4,5,6,5,3,3,6,5,6,7,7,6,2,8,9,9,6,9,10,9,6,transparency,5,,61,9,5,4,5,5,6,5,3,4,5,5,5,7,6,5,3,8,10,8,7,9,10,9,6,transparency,4,,40,9,4,5,6,5,6,5,3,5,6,5,5,6,5,5,2,8,9,8,8,9,10,6,8,transparency,2,,11,9
3,1,1,9,10:00,100,610,40.72140503,-74.00520325,5,2,1,1,2,2,2,2,5,,6,5,5,4,5,5,6,5,6,6,5,5,6,2,9,10,8,9,8,10,6,0,,4,,50,8,5,6,6,6,6,6,6,6,6,6,7,7,7,7,1,10,10,10,10,10,10,10,0,,5,,100,10,5,6,6,6,6,6,6,6,6,6,7,7,7,7,1,10,10,10,10,10,10,10,0,,6,12,100,10
3,1,1,8,14:00,100,819,38.77009583,-77.63210297,5,3,4,5,3,2,2,2,3,no comments,6,5,5,5,6,1,6,5,6,4,5,4,5,3,6,7,6,5,6,6,7,4,no comments,3,,60,7,5,4,4,5,6,3,4,3,4,4,2,3,3,2,3,6,7,6,8,7,8,7,5,very good,3,,51,7,5,3,4,5,6,5,4,5,4,4,4,4,4,4,2,7,8,7,8,7,7,7,5,very good app,5,,65,6
3,1,1,5,09:00,100,573,43.87660217,-95.12770081,5,5,5,5,3,4,2,5,5,,5,3,3,1,6,1,4,3,4,5,4,5,2,3,3,6,3,2,6,5,1,5,,1,,4,0,2,4,5,5,4,5,3,4,6,5,2,1,5,2,2,7,7,8,4,9,1,1,5,,1,,0,0,1,5,5,5,5,5,5,5,5,5,2,2,4,2,3,5,6,5,7,6,0,3,5,,1,,0,1
3,2,1,8,14:00,100,862,45.52340698,-122.6762009,5,5,2,4,1,2,1,5,2,post memes,6,5,4,4,6,4,5,4,3,5,5,4,3,3,7,7,8,2,8,6,5,7,Easy to plan an event,4,,60,0,5,3,6,5,5,6,3,5,5,5,6,6,5,5,2,8,9,6,5,9,8,6,1,Easy to plan event,4,,30,8,1,5,5,5,5,5,5,5,5,5,1,2,4,4,3,5,5,5,5,5,5,5,5,Easy to plan event,1,,0,0
5,1,1,9,10:00,100,619,29.86880493,-95.53800201,5,2,2,2,5,3,3,2,4,n/a,6,4,4,4,6,3,6,3,5,6,3,6,3,4,5,7,7,5,7,7,5,5,n/a,2,,10,5,3,6,3,3,3,4,3,5,5,5,2,2,5,4,3,5,5,5,5,5,5,5,5,n/a,1,,0,0,1,5,5,5,5,5,5,5,5,5,4,4,4,4,3,5,5,5,5,5,5,5,5,,1,,0,5
3,1,1,4,07:00,100,388,29.98219299,-95.17759705,5,3,1,5,1,1,1,1,4,,4,1,1,1,6,1,6,1,4,6,6,4,4,4,1,9,8,5,9,9,9,0,,4,,23,5,2,1,6,5,5,6,1,5,6,6,5,5,5,5,1,10,10,9,9,9,1,10,0,,2,,7,9,1,5,5,5,5,5,5,5,5,5,1,1,1,1,3,7,0,0,0,0,0,0,0,,1,,0,0
4,2,3,8,13:00,100,786,43.06219482,-76.13790131,5,3,1,3,2,3,1,1,1,Like/comment on post,1,4,6,6,6,5,4,6,6,6,5,6,5,1,8,8,7,6,9,9,7,0,NA,5,,40,8,4,4,6,6,6,6,5,4,6,6,5,6,5,6,2,8,6,6,4,8,8,7,0,NA,4,,20,10,1,5,5,5,5,5,5,5,5,5,1,2,2,4,3,5,5,5,5,5,5,5,0,NA,1,,0,0
2,1,1,7,04:00,100,213,38.58309937,-121.4920959,3,2,2,2,3,2,2,2,4,,4,3,3,4,3,6,3,6,1,3,3,3,4,2,4,3,8,3,8,4,6,0,,2,,36,4,3,5,4,3,3,5,5,6,3,4,2,3,2,7,4,5,6,2,3,8,4,4,0,,2,,29,3,5,6,6,4,4,4,4,3,4,4,3,2,3,3,3,8,6,2,3,7,4,10,0,,1,,44,6
4,1,1,8,08:00,100,479,35.0440979,-106.8904037,5,2,1,2,3,1,1,3,4,,3,4,3,3,5,1,4,5,4,7,5,5,4,2,6,8,9,1,9,9,8,0,,4,,81,6,5,3,5,5,5,5,1,4,5,5,7,6,6,6,2,8,9,9,5,9,3,5,1,,3,,20,8,1,5,5,5,5,5,5,5,5,5,4,4,4,4,3,5,5,5,5,5,5,5,5,,1,,0,5
3,2,5,7,05:00,100,313,39.08979797,-77.06109619,5,5,5,5,2,2,2,5,5,,5,5,5,5,5,5,5,5,5,2,6,6,2,5,7,7,7,6,7,7,6,0,None.,2,,34,0,5,5,5,5,5,5,5,5,5,5,2,6,6,2,5,7,8,7,6,7,7,7,0,None.,3,,69,0,1,5,5,5,5,5,5,5,5,5,4,4,4,4,3,7,7,7,7,7,7,7,0,None.,1,,0,0
4,2,1,8,15:00,100,888,34.040802,-84.16649628,5,1,1,1,1,2,1,2,1,Follow Groups,3,4,4,4,6,1,6,5,5,6,6,6,5,2,2,8,6,5,7,4,6,7,Easy to download content,4,,70,7,4,4,3,3,4,5,4,6,3,3,5,5,3,4,3,2,5,6,4,6,2,6,5,Following Groups,2,,10,4,3,6,3,3,3,5,3,6,3,5,3,3,2,4,4,1,4,4,6,5,3,5,7,Messaging,1,,2,3
3,1,1,7,12:00,100,716,35.68760681,-77.16609955,5,5,5,5,3,5,5,3,5,,3,1,1,3,6,1,4,3,1,6,6,5,1,3,2,3,1,2,4,1,1,0,Trustworthiness,1,,2,0,1,3,3,6,3,5,1,5,3,3,2,2,4,3,3,1,3,1,1,3,1,0,4,Trustworthiness,1,,0,0,1,3,3,3,3,6,3,5,3,4,1,1,4,2,3,2,3,1,1,2,1,4,1,Trustworthiness,1,,0,0
5,2,1,6,14:00,100,873,41.14819336,-81.47360229,5,5,1,3,1,3,2,5,2,Chat,5,4,3,3,6,5,5,4,5,5,4,3,4,4,3,6,5,0,1,7,3,0,NA,2,,15,1,1,5,5,5,5,5,5,5,5,5,1,2,5,4,3,0,0,0,0,0,0,0,0,NA,1,,0,0,1,5,5,5,5,5,5,5,5,5,1,1,4,4,3,0,0,0,0,0,0,0,0,NA,1,,0,0
5,1,1,8,10:00,100,619,19.3302002,100.2496948,5,2,2,2,2,1,1,5,1,na,6,3,3,4,4,5,5,3,1,6,6,6,6,3,6,5,6,1,8,8,3,0,na,4,,14,1,5,3,6,6,6,3,3,3,6,6,6,6,6,6,2,8,9,9,9,9,9,10,0,na,5,,52,7,5,3,6,6,6,3,3,3,6,6,6,6,6,6,3,7,7,8,7,8,8,7,0,na,4,,29,5
3,1,3,4,13:00,100,786,36.1882019,-94.23729706,5,3,2,3,3,3,2,1,4,n/a,3,5,5,5,6,4,6,5,6,6,6,5,5,2,7,9,8,6,9,7,7,0,n/a,5,,65,8,4,3,5,5,4,6,3,6,5,6,5,6,4,5,3,7,8,7,7,8,7,7,0,n/a,3,,25,7,4,3,5,5,4,6,3,6,5,6,4,4,4,4,3,6,7,6,7,7,5,5,0,n/a,1,,5,5
5,1,1,4,13:00,100,729,33.2507019,-86.9210968,4,5,5,5,3,3,3,4,3,Update my Status,1,3,4,6,6,1,4,3,6,5,5,7,3,4,7,10,9,2,10,9,7,7,Enjoyable,1,,10,4,2,3,6,6,6,4,1,4,6,6,2,4,6,4,3,6,7,9,3,9,5,2,9,Easy to express yourself,1,,0,1,1,5,5,5,5,6,5,5,5,5,1,1,5,4,3,0,0,0,0,0,0,0,0,Knowing others who use it,1,,0,0
3,2,1,9,15:00,100,895,35.07679749,-82.43609619,5,5,2,3,5,3,2,5,1,scroll through what everyone else has posted,5,4,3,5,6,4,5,4,1,6,6,6,2,3,6,9,3,0,10,6,5,10,I can't advance survey without this?,2,,44,6,4,4,6,4,5,4,4,4,6,5,3,5,6,5,3,9,7,8,2,10,1,0,10,To advance survey,1,,3,1,1,6,5,4,4,5,5,5,4,5,1,1,1,4,3,5,5,5,5,5,5,5,5,survey advancing,1,,0,0
3,1,1,9,15:00,100,913,40.71279907,-73.29620361,5,3,1,3,2,3,3,5,4,,5,5,4,1,5,1,6,4,4,7,5,6,4,1,7,9,8,2,8,8,9,5,,5,,96,8,1,6,3,3,3,4,1,3,3,3,1,1,1,1,3,8,8,8,2,8,7,5,5,,1,,3,1,5,3,6,6,4,6,1,5,5,5,4,6,6,6,3,8,8,8,2,6,5,5,5,,2,,4,9
3,1,3,9,06:00,100,353,40.7322998,-74.07540131,5,1,2,1,2,3,1,2,1,,6,6,6,6,6,6,6,6,6,7,6,7,6,4,10,9,9,9,9,9,9,9,,4,,91,9,5,6,5,4,6,6,6,6,5,6,7,7,7,7,5,10,10,10,10,9,9,9,9,,3,,94,9,5,6,6,6,1,6,6,6,6,6,7,7,7,7,5,9,10,9,9,9,9,9,9,,4,,96,9
5,1,1,5,16:00,100,948,34.99650574,-82.3286972,5,3,2,3,1,4,4,5,4,none,5,3,4,4,5,5,4,5,4,6,6,6,4,2,3,6,5,1,9,5,7,0,none,4,,90,8,4,4,5,5,5,5,4,5,5,5,3,3,5,4,3,1,2,1,1,5,0,5,0,none,1,,2,5,1,5,5,5,5,5,5,5,5,5,1,1,4,1,3,0,0,0,0,0,0,0,0,none,1,,0,0
2,1,5,8,15:00,100,867,40.89630127,-74.15129852,5,5,2,4,2,4,2,3,5,N/A,1,5,5,6,5,1,5,5,5,7,7,6,5,3,6,10,6,5,10,6,5,0,N/A,2,,35,6,5,1,6,5,6,4,1,5,6,5,7,7,7,7,1,8,10,7,6,10,6,8,0,N/A,4,,55,10,1,5,5,5,5,5,5,5,5,5,1,1,1,4,3,5,6,5,5,5,5,0,0,,1,,0,0
2,1,1,8,16:00,100,920,40.52999878,-74.22059631,5,3,2,3,5,3,2,3,3,Creep on friends,3,6,6,6,5,4,6,6,5,7,6,7,6,2,8,10,8,3,7,7,5,0,None,3,,35,8,5,3,6,6,6,3,3,6,6,5,6,6,6,6,3,8,8,8,5,8,9,2,0,None,5,,53,7,4,5,4,4,4,6,3,3,1,5,3,2,2,2,4,5,5,5,2,4,1,2,0,None,1,,0,1
5,2,2,5,16:00,100,994,28.0381012,-80.6115036,5,3,2,3,2,5,1,5,1,just read status ,3,3,3,3,6,1,6,6,5,6,6,6,5,1,8,10,5,5,10,10,9,0,n/a,5,,95,10,1,5,5,5,5,5,5,5,5,5,1,1,1,1,4,0,0,0,0,0,0,0,0,Dont use,1,,0,0,1,5,5,5,5,5,5,5,5,5,4,4,4,4,4,0,0,0,0,0,0,0,0,Dont use,1,,0,0
3,2,3,7,17:00,100,1013,41.56350708,-93.78420258,5,1,1,1,1,1,1,5,5,na,4,3,3,3,6,3,6,6,5,6,6,3,5,2,7,9,6,1,8,7,4,0,na,4,,40,7,5,3,3,3,3,6,3,6,6,4,6,6,6,5,1,7,9,7,6,9,1,8,0,na,4,,25,8,1,5,5,5,5,5,5,5,5,5,1,1,1,1,3,0,0,0,0,0,0,0,0,na,1,,1,0
3,2,1,5,18:00,100,1067,27.51480103,-80.31089783,5,5,2,5,2,5,1,1,4,,3,5,5,6,6,3,5,6,5,6,7,6,6,2,7,10,1,5,10,10,5,0,,5,,85,10,4,1,6,5,5,4,1,3,6,5,5,5,5,5,3,7,10,0,10,7,10,1,0,,1,,15,10,1,6,3,1,3,5,1,5,3,5,1,1,1,1,3,5,5,0,0,0,0,0,0,,1,,0,0
2,1,1,4,07:00,100,390,40.71499634,-111.8934021,5,5,3,5,5,3,2,5,5,,4,5,5,5,5,5,5,5,5,3,5,7,5,1,8,9,2,4,10,10,6,0,,3,,40,6,5,4,6,5,5,5,5,5,6,5,3,3,6,5,2,10,7,2,5,10,4,5,0,,1,,5,0,2,5,5,5,5,5,5,5,5,5,1,1,3,4,3,5,5,5,5,5,5,5,5,,1,,0,0
4,2,1,8,05:00,100,283,35.17869568,-89.75650024,1,2,2,3,2,3,2,2,5,,4,4,4,4,6,3,6,4,5,7,7,7,6,3,7,8,5,5,5,5,5,0,,4,,34,5,1,4,4,4,4,4,4,4,5,4,5,5,5,5,3,6,7,7,7,7,7,5,0,,4,,43,6,1,4,4,4,4,4,4,4,4,4,4,4,4,4,3,5,5,5,5,5,5,5,0,,1,,0,0
3,1,1,5,18:00,100,1093,41.70910645,-87.75959778,4,2,2,2,2,3,3,5,2,Find new businesses,5,4,3,3,6,3,5,5,1,5,4,6,3,2,5,9,8,1,8,9,5,1,Data is safe,2,,11,5,4,3,6,6,5,6,4,1,5,3,5,6,6,5,2,8,8,8,1,7,7,5,7,Quality of photos,2,,23,6,1,5,5,5,5,6,5,5,6,5,2,2,4,4,3,5,5,5,5,5,5,5,5,prevalence among others,1,,0,5
3,1,1,9,06:00,100,405,42.97419739,-78.84809875,5,3,3,5,5,5,2,5,1,Waste Time,5,5,3,3,3,6,5,5,3,7,7,7,5,3,6,4,4,1,6,6,3,1,Cool,1,,10,8,2,5,5,4,4,5,4,4,5,5,2,2,6,2,3,5,6,5,2,6,8,5,3,Cool,1,,5,6,1,5,5,5,5,5,5,5,5,5,1,1,1,1,3,0,0,0,0,0,0,0,0,cool,1,,0,0
3,1,1,9,08:00,100,446,34.19650269,-118.8188019,4,4,5,4,5,4,3,4,4,,5,4,6,4,6,5,6,5,4,6,7,7,4,4,8,7,7,7,8,7,8,7,,3,,71,6,4,5,4,6,5,6,5,6,5,6,6,7,6,7,4,8,7,9,8,7,9,8,8,,2,,75,8,4,5,6,6,6,6,6,6,6,6,6,6,7,7,4,8,8,7,8,7,8,8,7,,2,,74,8
3,1,1,5,07:00,100,367,42.28900146,-83.36859894,5,5,2,5,4,4,3,5,5,,3,5,5,5,5,5,5,6,5,6,5,5,4,2,8,8,8,1,8,8,5,5,,4,,80,5,4,3,5,5,5,5,5,5,6,5,4,5,5,4,3,7,7,6,1,6,7,5,5,,2,,5,5,1,5,5,5,5,5,5,5,5,5,1,1,4,4,3,5,5,5,5,5,5,5,5,,1,,0,5
2,2,3,5,19:00,100,1093,34.13589478,-117.155304,5,3,2,3,1,4,1,2,1,Posting status',4,3,3,3,4,3,4,3,4,6,6,5,4,3,4,9,0,3,7,5,4,0,,5,,71,5,5,4,3,3,3,4,3,3,3,5,6,6,6,4,2,6,8,2,4,3,4,2,0,,3,,10,6,2,4,3,3,3,4,3,4,3,5,2,5,6,2,3,4,3,0,5,0,2,0,0,,1,,0,5
2,2,1,5,19:00,100,1141,40.09790039,-75.10780334,5,3,1,2,4,2,1,2,5,,5,6,5,4,5,6,5,6,5,4,5,6,5,1,6,9,5,6,5,8,6,0,none,5,,93,7,5,4,5,4,6,3,5,5,6,4,6,7,4,5,1,4,7,9,5,7,5,7,0,,4,,55,9,4,4,4,3,3,5,5,4,6,4,3,5,2,5,3,3,6,4,2,6,5,7,0,,4,,35,7
2,2,1,5,18:00,100,1069,36.26429749,-95.82769775,5,3,2,3,1,5,3,5,1,Post status ,3,4,4,6,6,3,3,4,4,6,5,5,5,2,5,10,1,6,10,10,5,5,Fun,3,,21,5,4,3,3,5,6,6,3,6,6,6,5,1,5,1,5,5,8,9,5,10,8,5,0,Fun ,1,,1,1,1,5,5,5,5,5,5,5,5,5,1,1,4,1,3,0,0,0,0,0,0,0,0,Fun,1,,3,0
2,2,1,5,18:00,100,1107,40.10049438,-74.72029877,5,5,2,5,4,3,5,5,1,browse memes,5,4,3,4,6,4,6,4,5,5,5,6,4,3,5,7,6,4,6,7,6,4,accessibility of news stories,4,,88,7,3,5,4,4,4,6,5,4,4,4,2,2,2,2,4,4,8,5,4,7,5,4,9,conformity ,1,,0,2,1,5,4,4,4,6,3,5,4,5,1,2,3,2,3,6,5,4,3,5,2,5,0,n/a,1,,0,0
3,1,1,8,05:00,100,276,47.82090759,-122.3151016,5,5,3,5,5,3,3,2,5,,4,4,4,5,6,3,5,4,4,6,6,4,4,3,7,8,7,7,7,8,5,0,,3,,40,5,4,4,4,4,4,6,1,5,5,5,5,4,3,4,3,6,6,5,6,6,5,5,0,,1,,5,3,1,5,5,5,5,5,5,5,5,5,1,1,1,1,3,5,5,5,5,5,5,5,0,,1,,0,0
6,1,1,5,20:00,100,1182,42.69290161,-87.8042984,5,5,2,4,1,1,1,1,1,"Post content, usually of my own ""making""",3,4,4,4,6,1,3,4,4,6,5,4,3,3,8,7,9,3,10,5,5,3,unwanted content,4,,100,7,1,5,5,5,5,5,5,5,5,5,1,1,4,4,3,5,5,5,5,5,5,5,5,easy to post content,1,,1,5,1,5,5,5,5,5,5,5,5,5,1,1,4,4,3,0,0,0,0,0,0,0,0,post own content,1,,0,5
2,1,1,9,08:00,100,456,42.88639832,-78.87809753,4,2,3,4,5,4,3,2,3,,1,3,4,5,6,5,4,3,5,6,5,4,5,3,5,6,7,8,9,7,8,7,,3,,64,7,5,6,5,4,3,4,5,6,5,4,7,6,5,4,4,7,7,8,5,6,7,8,6,,3,,43,6,5,6,5,4,3,4,5,6,5,4,3,4,5,6,4,8,8,9,9,8,9,7,8,,3,,75,8
5,1,1,8,07:00,100,426,40.71429443,-74.0059967,4,3,2,5,3,4,2,2,4,,4,3,3,4,6,1,5,4,4,2,3,6,2,3,5,8,6,2,8,7,6,5,,1,,10,5,4,4,3,4,5,6,1,5,4,6,2,2,6,3,2,6,8,7,3,7,5,5,5,,1,,10,6,2,4,1,3,3,5,3,4,4,5,1,1,4,1,3,4,5,5,4,5,5,4,5,,1,,0,0
3,2,1,11,10:00,100,614,40.73080444,-73.99749756,5,1,2,1,2,1,4,3,3,instagram,1,6,5,6,5,6,5,6,5,6,5,6,5,1,7,5,7,4,9,5,7,6,instagram,6,,86,7,5,6,5,6,5,6,5,6,5,6,7,6,7,6,1,8,5,8,6,6,5,7,6,instagram,5,,88,8,5,6,5,6,5,6,5,6,5,6,6,5,6,5,1,9,8,8,9,9,7,8,3,,5,,84,9
3,1,3,8,11:00,100,642,35.186203,-80.74790192,5,5,2,5,2,5,1,5,4,,1,6,6,6,6,1,3,5,6,7,7,6,6,3,8,9,8,7,9,9,9,0,,1,,19,7,5,1,6,6,6,4,3,3,6,6,7,7,7,7,1,9,9,9,9,10,9,9,0,,2,,51,9,2,5,3,3,3,6,1,6,3,5,1,1,1,1,3,5,5,5,5,8,8,8,0,,1,,0,0
5,1,1,9,21:00,100,1237,42.42810059,-71.05460358,4,3,1,3,2,2,1,5,4,NA,3,5,4,5,6,3,6,4,5,5,6,7,4,2,8,9,8,5,9,10,6,0,,3,,55,8,2,3,4,5,4,6,3,6,5,6,3,2,4,3,3,6,5,7,5,7,8,6,0,,1,,2,5,5,4,3,4,4,6,1,6,5,6,6,7,6,6,1,7,9,8,7,10,9,7,0,,2,,40,9
3,2,1,4,12:00,100,730,27.94749451,-81.92040253,5,3,1,3,1,3,3,5,3,,1,1,1,6,6,1,3,6,6,7,7,7,7,1,10,10,10,8,10,7,10,0,,6,10 hours,100,10,4,1,1,1,6,6,1,5,5,6,5,5,5,5,2,10,8,10,5,5,9,8,1,,3,,20,3,2,6,1,1,1,1,1,1,1,5,1,5,1,1,4,2,1,1,10,1,1,2,0,,1,,2,1
2,1,4,5,13:00,100,762,46.84880066,-92.20320129,3,2,4,3,3,5,3,2,5,na,1,3,4,1,1,5,3,4,4,3,2,4,2,2,2,4,4,3,5,3,4,2,na,1,,65,5,2,3,3,3,5,3,4,4,3,4,2,2,5,5,3,5,5,7,3,4,2,5,4,ba,2,,31,6,2,1,3,5,4,3,4,4,3,4,2,2,5,5,3,5,3,5,7,2,5,6,4,na,1,,40,5
4,2,1,11,21:00,100,1247,30.37609863,-91.17829895,4,3,3,4,2,3,3,5,2,Like family and friends posts,5,4,4,4,5,4,4,4,4,5,4,3,1,3,6,6,6,0,6,6,6,10,biased,3,,70,0,1,5,5,5,5,5,5,5,5,5,4,4,4,4,3,0,0,0,0,0,0,0,0,have not used,1,,1,0,4,5,4,4,4,4,4,4,4,4,5,5,5,5,2,7,7,7,2,6,3,8,9,easy to use while traveling internationally,2,,30,7
2,1,1,8,08:00,100,528,39.38699341,-74.62169647,5,3,2,3,1,3,2,5,5,,3,4,4,5,5,3,4,4,4,6,6,6,5,3,7,9,8,6,8,7,7,0,,2,,25,7,5,3,4,5,5,4,3,4,5,5,6,6,6,6,2,8,8,7,7,8,7,8,0,,3,,25,8,4,3,4,4,4,5,3,5,4,5,5,6,5,5,3,7,7,6,7,8,6,8,0,,2,,16,7
3,1,1,9,08:00,100,426,40.72140503,-74.00520325,5,5,5,5,5,5,5,5,1,,6,6,6,6,6,6,6,6,6,7,7,7,7,5,10,10,10,10,10,10,10,0,,5,,100,10,5,6,6,6,6,6,6,6,6,6,7,7,7,7,5,10,10,10,10,10,10,10,0,,5,,100,10,5,6,6,6,6,6,6,6,6,6,7,7,7,7,1,10,10,10,10,10,10,10,0,,6,12,100,10
2,2,1,3,10:00,100,587,25.78059387,-80.18260193,4,3,4,3,4,5,4,3,4,,4,5,3,4,4,4,5,4,4,6,6,6,5,2,4,4,4,5,4,4,5,6,,3,,53,7,4,6,4,4,6,5,5,4,5,4,4,2,3,3,4,6,5,4,6,4,5,5,5,,3,,66,6,4,6,5,5,5,6,5,6,5,6,7,6,6,5,4,6,6,5,6,5,5,4,6,,2,,58,6
3,1,1,7,13:00,100,826,43.53669739,-96.6984024,1,2,2,4,2,1,2,5,2,search marketplace,5,4,4,6,4,4,5,4,5,5,5,6,3,3,6,4,5,1,6,9,3,2,seeing all my friends posts,2,,10,3,4,3,5,4,5,6,5,5,6,5,5,6,6,4,3,7,5,1,2,1,4,7,1,ads,2,,20,6,3,5,5,5,5,5,5,5,5,5,2,4,4,4,3,5,5,5,5,5,5,5,5,,1,,0,0
3,1,1,5,11:00,100,673,41.42790222,-71.53639984,5,5,3,5,5,3,2,5,5,,6,1,1,1,6,5,4,3,1,6,2,6,1,4,9,8,7,0,8,0,0,0,,1,,2,0,4,6,1,1,1,6,1,1,1,1,5,1,1,1,3,8,6,1,0,7,0,0,0,,1,,0,0,1,5,5,5,5,5,5,5,5,5,2,2,2,2,3,0,0,0,0,0,0,0,0,,1,,0,0
3,1,1,7,10:00,100,634,33.57369995,-80.35610199,5,4,3,5,5,4,1,4,4,,6,5,1,3,6,1,4,5,4,5,5,6,5,3,5,5,5,1,8,6,2,0,,2,,21,5,1,5,5,5,5,5,5,5,5,5,1,1,1,1,3,0,0,0,0,0,0,0,0,,1,,0,0,1,5,5,5,5,5,5,5,5,5,1,1,1,1,3,0,0,0,0,0,0,0,0,,1,,0,5
2,1,2,8,06:00,100,353,31.15029907,-85.41139984,4,3,3,3,3,2,3,2,1,,4,3,4,4,4,4,3,4,4,3,2,3,3,4,5,4,7,4,3,2,0,0,,2,,34,4,3,4,4,3,4,4,4,5,4,6,3,3,3,3,3,3,2,3,2,2,2,1,0,,3,,40,4,2,3,3,4,4,3,5,3,4,4,3,2,3,3,3,2,1,1,1,1,0,0,0,,6,1,24,4
3,1,2,5,13:00,100,816,25.73629761,-80.40440369,4,3,3,3,4,3,3,4,3,groups,6,6,5,6,5,4,4,5,5,6,5,5,6,2,4,6,5,3,4,5,5,6,entertainment,3,,17,3,4,6,6,6,6,6,4,6,6,6,6,6,5,6,2,6,7,7,7,7,7,6,7,fun,4,,48,4,4,3,4,4,5,5,4,6,6,6,6,6,6,6,2,5,6,6,5,5,3,2,6,communicate,4,,50,5
4,2,1,8,07:00,100,421,39.07000732,-108.5376968,4,2,2,2,4,4,4,4,3,none,5,4,4,4,5,5,5,4,3,3,4,4,2,4,6,7,6,0,9,5,5,5,none,2,,18,5,2,3,5,4,5,4,4,4,4,4,2,4,4,4,3,6,5,5,1,9,5,4,5,n/a,1,,1,5,2,4,4,4,4,5,3,4,4,4,1,1,3,1,3,4,4,4,2,2,4,2,5,n/a,1,,0,5
4,2,1,5,14:00,100,827,42.0796051,-71.03820038,5,5,2,3,1,1,1,5,1,Comment and like posts,1,5,5,6,4,1,5,4,4,7,7,7,7,1,8,10,6,6,9,10,7,8,easy to understand,6,,75,10,5,3,4,4,4,4,1,4,6,6,6,7,5,6,2,8,10,5,7,10,6,5,10,fun,4,,32,10,1,5,5,5,5,5,5,5,5,5,1,1,4,4,3,7,5,4,4,3,0,5,0,Don't know what this is,1,,0,5
2,1,5,8,12:00,100,737,39.93589783,-75.15339661,5,5,4,5,5,1,4,2,5,,5,3,3,4,6,1,6,5,6,3,7,1,7,1,4,2,4,2,1,3,3,0,,2,,49,4,3,1,3,3,3,1,5,6,3,1,4,5,7,4,5,1,3,4,1,3,2,4,0,,1,,17,4,3,1,6,5,4,5,4,4,6,1,5,3,5,4,4,2,4,3,3,4,3,6,0,,1,,13,4
5,1,1,9,13:00,100,781,33.82049561,-116.4586029,3,3,4,3,4,3,4,3,4,,4,5,5,5,4,5,5,5,5,5,4,5,4,3,7,7,6,5,6,7,6,6,,5,,59,6,4,5,4,4,4,3,4,5,6,6,7,6,6,6,4,6,6,5,5,6,6,6,5,,5,,53,5,4,4,3,5,5,5,6,5,5,5,7,5,6,6,4,7,5,6,6,6,5,6,5,,5,,52,6
6,1,3,7,07:00,100,420,30.290802,-81.63300323,5,1,1,1,1,1,1,1,1,,6,6,6,6,6,6,6,6,6,7,7,7,7,1,10,10,10,10,10,10,10,10,,5,,83,10,5,6,6,6,6,6,6,6,6,6,7,7,7,7,1,10,10,10,9,10,10,10,10,,4,,54,10,5,6,6,6,6,6,6,6,6,6,7,7,7,7,2,10,10,10,10,10,10,10,10,,3,,77,10
3,1,1,5,20:00,100,1215,40.10299683,-74.9414978,5,5,4,5,2,3,2,5,4,n/a,6,5,5,5,6,5,4,4,5,6,6,7,5,2,8,9,8,7,9,9,7,0,n/a,2,,75,6,2,3,6,5,5,6,5,3,6,5,1,1,1,4,4,6,0,0,5,0,0,0,0,n/a,1,,0,0,1,6,3,3,3,3,5,6,4,4,1,1,1,1,4,0,5,5,5,0,0,0,0,n/a,1,,0,0
3,1,1,8,06:00,100,380,36.17590332,-86.80930328,5,4,3,5,2,3,1,3,4,,4,3,1,1,4,3,3,1,3,7,5,3,2,3,7,8,3,1,5,2,2,0,,3,,32,2,3,5,4,4,3,3,4,3,4,3,2,3,4,2,3,5,4,4,3,6,2,3,0,,1,,0,0,1,5,5,5,5,5,5,5,5,5,4,4,4,4,3,5,5,5,5,5,5,5,0,,1,,0,0
2,1,1,8,08:00,100,481,42.88639832,-78.87809753,5,2,1,1,2,1,2,2,1,pokes,1,4,5,5,6,5,6,5,6,6,6,6,7,2,8,7,8,9,8,8,8,0,,3,,89,10,5,6,5,6,5,5,6,6,6,6,6,6,7,6,2,10,9,9,9,9,8,8,9,,3,,91,9,5,5,6,5,6,5,6,5,6,5,7,6,7,6,2,10,9,9,9,8,9,9,9,,3,,97,9
3,2,1,5,14:00,100,842,28.00979614,-81.93370056,5,2,1,2,2,2,1,5,1,comment,3,5,6,6,6,1,6,6,6,6,6,7,6,2,8,10,8,7,8,8,9,9,connect with friends,6,10,80,9,4,3,5,5,6,6,1,6,6,6,4,5,2,3,4,3,4,4,5,8,3,3,0,none,4,,20,5,1,5,5,5,5,5,5,5,5,5,1,2,2,2,3,0,0,0,0,0,0,0,0,none,1,,0,0
2,1,1,5,11:00,100,700,27.43930054,-82.52140045,4,5,4,5,5,5,5,4,4,,6,1,1,1,6,1,6,1,3,6,1,5,1,4,5,6,4,2,6,0,3,5,,1,,10,0,4,5,4,4,4,5,1,5,5,6,4,1,5,1,3,5,4,6,4,8,0,0,5,,1,,0,0,1,5,5,5,5,5,5,5,5,5,1,1,4,1,3,5,5,5,5,5,5,5,5,,1,,0,0
3,1,3,5,24:00,100,1440,36.13330078,-86.80370331,5,1,1,1,1,1,1,1,1,,1,6,6,6,6,1,4,5,6,7,6,6,6,1,9,8,9,9,8,9,9,3,,1,,11,9,2,1,4,4,4,4,4,4,4,4,4,4,4,4,3,2,2,5,5,5,5,5,5,,1,,3,1,1,1,4,4,4,4,4,4,4,4,4,4,4,4,3,5,7,3,5,5,5,5,5,,1,,11,5
4,2,1,9,13:00,100,799,31.02909851,-97.85350037,5,2,1,3,3,2,2,5,1,share memes,1,4,4,4,6,1,4,6,6,7,7,7,6,2,8,9,9,4,7,8,8,9,fun,5,,92,9,3,3,4,3,4,3,3,5,5,5,3,2,5,5,3,6,4,4,5,6,3,2,8,nice pictures,1,,0,3,4,5,3,3,3,5,1,5,1,4,3,3,5,4,3,5,4,4,5,6,6,2,6,weird interface,1,,0,6
3,1,5,8,14:00,100,857,41.2348938,-96.0490036,1,5,2,2,1,5,1,5,1,upload photos,1,6,6,6,6,4,5,6,6,7,7,7,7,1,10,10,9,9,10,10,9,10,modern,5,,92,10,4,3,5,5,5,5,5,5,5,5,4,1,1,3,3,7,8,5,8,10,6,5,8,modern,1,,3,5,1,1,6,5,6,6,1,5,5,6,7,7,7,7,1,8,10,10,5,10,10,1,10,modern,5,,82,10
2,2,1,8,07:00,100,461,38.77009583,-77.63210297,5,1,1,1,1,1,1,1,1,view coments,1,6,6,6,6,3,6,6,6,7,7,7,7,1,9,9,9,9,9,9,9,9,comunication,5,,63,9,5,1,6,6,6,6,3,6,6,6,7,7,7,7,1,8,8,8,8,8,8,8,8,comunication,4,,58,8,5,3,6,6,6,6,1,6,6,6,7,7,7,7,1,10,10,10,10,10,10,10,10,many more,6,,99,10
6,2,1,5,26:00,100,1526,30.52520752,-84.33209991,4,2,1,1,1,2,2,5,5,none,5,4,5,5,6,5,5,5,6,6,6,7,7,3,9,10,10,10,10,10,10,0,none,4,,70,10,1,5,5,5,5,5,5,5,5,5,1,4,4,4,3,0,0,0,0,0,0,0,0,none,1,,0,0,1,5,5,5,5,5,5,5,5,5,1,4,4,4,3,0,0,0,0,0,0,0,0,none,1,,0,0
2,2,3,8,27:00,100,1612,10.31669617,-72.3167038,5,2,1,1,1,1,1,3,5,search people,6,5,5,4,4,3,5,5,5,7,7,7,7,1,7,8,5,7,8,10,6,1,,4,,80,6,5,6,6,6,5,5,6,6,6,6,6,7,7,7,2,7,7,8,5,4,10,6,0,,5,,62,7,5,6,5,5,6,6,5,6,6,5,7,7,6,6,1,5,9,6,7,7,4,7,1,,4,,81,8
2,1,1,4,07:00,100,375,42.98750305,-82.46659851,5,4,2,5,1,4,2,5,5,N/A,4,6,6,6,6,1,6,6,6,6,6,6,6,2,8,10,5,3,10,9,8,5,N/A,5,,100,9,4,5,5,5,5,5,5,5,5,5,2,2,2,2,3,5,7,5,5,0,0,0,5,N/A,6, ,0,5,1,5,5,5,5,5,5,5,5,5,2,2,2,2,3,5,5,5,5,5,5,5,5,N/A,1,,0,5
5,2,1,7,08:00,100,462,28.62939453,-81.36190033,5,2,2,3,4,4,3,4,4,n/a,5,5,5,5,6,1,4,5,5,6,6,6,4,3,8,8,5,2,6,3,6,5,n/a,5,,84,1,4,4,4,4,4,5,1,4,4,3,5,2,2,2,3,3,2,8,4,5,3,1,2,n/a,1,,5,2,1,4,4,4,4,4,4,4,4,4,1,1,1,1,3,0,0,0,0,0,0,0,0,,1,,1,0
3,1,1,7,08:00,100,453,37.75100708,-97.8219986,4,3,3,5,5,5,5,5,3,,3,3,3,6,6,3,5,4,4,3,5,5,3,2,7,8,7,7,9,7,7,5,,2,,14,2,5,3,6,6,6,5,4,5,6,4,5,6,6,6,2,8,5,4,6,8,5,7,5,,3,,51,6,1,6,3,3,3,3,3,3,3,3,2,2,2,2,3,4,5,5,5,5,5,5,5,,1,,0,0
3,1,1,9,06:00,100,379,34.19650269,-118.8188019,4,4,5,4,5,4,5,4,5,,6,6,6,6,6,6,6,6,6,6,7,6,7,4,8,7,9,8,7,8,7,9,,2,,86,8,5,6,6,6,6,6,6,6,6,6,6,7,6,7,4,8,8,9,8,7,9,7,9,,2,,72,8,4,5,6,5,6,5,6,5,6,5,6,7,6,7,4,8,7,8,7,8,6,8,7,,2,,75,8
3,2,1,8,10:00,100,605,38.90420532,-77.03199768,5,2,1,2,3,2,1,2,2,,4,3,1,3,4,1,3,4,3,3,2,1,2,2,9,8,9,7,9,8,7,1,use,2,,72,7,4,6,5,4,5,6,5,5,4,5,6,7,5,6,4,8,7,8,8,7,8,9,1,,3,,82,7,4,6,5,4,5,6,5,6,5,6,5,6,7,6,1,8,8,10,8,7,8,8,3,,3,,78,9
4,1,1,7,12:00,100,735,34.12229919,-117.7142944,5,3,4,5,2,4,3,5,4,Log out,3,5,5,5,6,3,4,5,4,6,6,7,6,2,9,9,8,6,8,9,7,0,n/a,4,,40,9,4,3,5,5,5,6,4,3,6,5,5,6,6,6,2,7,9,8,4,9,10,5,0,n/a,4,,40,9,1,5,5,5,5,5,5,5,5,5,1,1,1,1,3,5,5,5,5,5,5,5,0,n/a,1,,0,0
3,2,1,9,10:00,100,598,39.91229248,-75.15329742,5,3,3,5,2,3,2,5,5,,5,4,4,4,6,5,5,4,4,5,6,6,3,3,2,8,4,0,6,2,5,0,,5,,70,5,4,3,5,5,5,5,5,4,5,4,5,6,5,4,2,7,7,8,4,7,6,5,0,,4,,15,6,2,6,1,1,1,5,3,3,3,3,2,2,4,2,4,1,3,1,1,1,1,1,0,,1,,0,0
4,1,1,8,11:00,100,689,32.26860046,-111.0021973,4,3,4,5,5,4,2,3,1,just read my friends posts and do nothing else,6,3,3,3,6,1,5,4,5,6,6,6,2,2,5,7,5,4,10,9,4,9,popularity,1,,27,6,2,3,5,5,4,5,1,1,6,1,1,3,5,1,5,5,5,5,1,6,5,0,9,offensive,1,,1,0,1,5,4,4,4,6,3,5,5,4,1,1,4,2,3,5,5,5,5,5,5,1,3,easy to install,1,,0,5
2,2,1,9,13:00,100,824,30.46769714,-84.13169861,5,2,3,5,1,5,1,5,1,Comment on other's pictures,6,3,1,3,6,1,1,5,1,6,6,5,2,4,3,9,2,4,8,5,6,9,Ease of communication ,3,,91,6,4,1,4,1,6,6,1,1,6,1,6,7,6,6,2,8,9,6,7,7,1,2,1,Ease of communication ,3,,10,7,1,5,5,5,5,5,5,5,5,5,1,1,4,4,3,5,5,5,5,5,5,5,5,I have never used this app,1,,0,0
4,1,1,8,24:00,100,1447,44.27600098,-88.3730011,5,3,3,5,3,5,2,5,2,Look at updated photos of friends and family ,5,4,4,3,6,1,4,3,5,5,5,6,4,4,5,7,7,3,7,2,2,0,N/A,2,,10,5,4,4,6,5,5,3,3,4,6,6,5,3,5,4,2,6,8,8,4,8,1,1,0,N/A,1,,5,5,5,4,4,5,5,4,3,4,6,6,6,6,5,5,2,7,8,8,6,8,2,2,8,Video calls,2,,20,7
6,1,1,8,11:00,100,623,40.92720032,-74.30390167,5,5,2,4,3,3,1,5,5,,5,5,4,4,6,1,6,3,1,7,6,5,2,3,5,9,8,0,8,9,0,10,sells your info,4,,48,5,1,5,5,3,3,6,1,6,3,5,1,1,4,4,3,5,5,5,0,5,5,5,10,do not use,1,,0,0,4,5,4,3,3,6,1,6,1,5,4,5,4,4,3,5,5,5,5,5,5,5,10,only use for out f copuntry conmtacts,1,,4,5
5,2,1,4,15:00,100,883,44.45320129,-83.54090118,5,4,2,4,1,4,2,4,5,,3,6,5,5,4,4,3,5,3,5,4,5,3,2,7,7,5,1,7,8,4,0,,4,,80,8,1,4,5,5,5,5,5,5,6,4,2,4,4,4,3,1,1,2,1,3,0,2,0,,1,,1,5,1,6,1,1,1,5,1,6,1,1,2,2,2,2,4,0,0,0,0,0,0,0,0,,1,,0,0
3,1,1,5,04:00,100,203,30.63110352,-88.2818985,4,2,2,1,4,3,5,1,1,,5,6,6,3,4,4,1,1,5,7,7,3,5,1,7,4,9,2,6,6,9,0,,1,,66,2,2,6,6,5,3,4,1,5,3,4,2,7,7,5,2,7,4,6,10,3,1,8,0,,3,,63,4,4,3,6,1,3,5,4,4,6,3,5,6,1,3,5,3,8,0,6,4,9,10,0,,2,,76,2
3,1,1,5,04:00,100,264,39.73510742,-75.66840363,5,2,2,3,1,2,2,1,5,,3,3,3,1,6,3,5,3,1,5,3,3,4,2,7,4,4,2,7,4,6,0,,5,,72,6,4,5,3,4,4,1,5,4,5,1,3,4,3,5,2,6,5,5,8,1,4,1,0,,4,,59,3,1,5,5,5,5,5,5,5,5,5,4,4,4,4,3,0,0,0,0,0,0,0,0,,1,,0,0
2,1,1,8,23:00,100,1363,25.78059387,-80.18260193,5,3,2,4,1,4,1,4,3,Make a comment,3,4,6,5,5,1,3,4,5,2,4,3,4,3,2,8,1,4,6,8,3,0,N/A.,5,,25,3,5,1,6,6,6,5,3,4,6,6,4,5,7,6,1,9,10,7,4,7,5,8,0,N/A.,5,,35,8,5,1,5,5,6,5,1,5,6,6,6,7,7,7,2,9,10,6,9,6,2,1,0,N/A.,5,,40,10
2,1,1,5,09:00,100,505,45.65109253,-111.1776962,4,5,2,5,4,4,4,5,5,,6,5,3,3,6,3,5,5,3,4,4,4,2,3,7,8,6,3,8,5,3,0,,1,,5,2,2,5,5,5,3,6,3,5,5,4,1,4,4,3,3,7,7,5,5,6,3,5,0,,1,,8,4,1,5,5,5,5,5,5,5,5,5,1,1,4,4,3,5,5,5,5,5,5,5,0,,1,,0,0
3,2,1,5,06:00,100,349,43.01390076,-71.43520355,5,3,1,5,1,3,2,5,4,,1,6,6,6,3,1,3,6,6,7,7,7,7,1,10,10,9,9,10,10,8,0,,4,,90,10,5,1,6,6,6,3,3,3,6,6,7,7,6,6,2,10,9,8,8,10,10,6,0,,2,,5,10,1,5,5,5,5,5,5,5,5,5,1,1,4,4,3,5,5,5,5,5,5,5,0,,1,,0,5
2,1,5,8,05:00,100,276,40.74969482,-73.85340118,4,2,3,3,3,3,3,2,3,watching videos,4,4,5,3,4,5,5,3,4,4,5,4,5,4,3,4,5,1,4,5,4,3,entertainment value,3,,39,5,4,4,3,5,4,4,5,3,4,4,4,3,5,4,3,4,6,5,4,6,5,6,0,na,3,,36,6,4,3,4,5,3,3,4,4,5,4,4,3,4,4,3,4,6,5,5,6,4,4,0,na,4,,34,5
3,1,1,4,11:00,100,650,29.06550598,-95.38279724,5,2,1,2,2,2,1,1,4,n/a,3,6,6,5,5,3,6,6,6,6,6,6,6,2,7,10,9,8,10,9,9,0,n/a,6,10,80,10,5,3,6,5,4,6,4,5,6,5,6,6,4,5,3,8,7,7,5,7,7,7,0,n/a,1,,0,7,1,5,5,5,5,5,5,5,5,5,2,2,4,2,3,0,0,0,0,0,0,0,0,I dont know this app,1,,0,5
3,3,1,8,07:00,100,473,38.2631073,-90.56890106,5,5,5,5,2,4,3,3,5,click ads,6,1,1,1,6,1,5,1,3,7,6,3,1,3,1,8,6,2,8,8,2,1,n/a,5,,30,5,5,6,3,1,3,6,1,1,4,3,7,7,5,2,2,6,8,4,2,7,3,2,1,na/,4,,10,5,2,6,1,1,1,6,1,5,1,1,3,2,1,1,3,1,8,1,1,2,2,1,1,n/a,1,,0,0
3,2,1,8,15:00,100,845,39.7696991,-76.65630341,5,1,1,1,1,1,1,1,5,,1,6,6,6,6,1,1,6,6,6,7,7,7,1,10,10,10,7,10,10,9,0,none,5,,98,10,1,5,5,5,5,5,5,5,5,5,1,4,4,4,5,0,0,0,0,0,0,0,0,,1,,0,0,1,5,5,5,5,5,5,5,5,5,1,1,4,4,5,0,0,0,0,0,0,0,0,,1,,0,0
3,1,1,5,07:00,100,378,27.77879333,-82.68229675,5,2,2,2,2,2,2,2,4,,3,5,5,3,3,3,5,5,6,6,6,6,6,2,7,10,8,5,4,5,7,0,,4,,70,7,2,5,5,5,5,5,5,5,5,5,2,2,2,2,3,5,5,6,5,5,6,6,0,,1,,0,5,1,5,5,5,5,5,5,5,5,5,1,1,1,1,3,6,5,5,6,5,6,6,0,,1,,0,2
3,1,5,8,08:00,100,470,40.74000549,-73.93609619,4,3,3,4,3,2,2,4,5,,5,4,4,4,4,4,4,4,4,6,3,3,3,4,6,6,6,3,5,5,3,0,,1,,10,3,4,3,6,6,5,5,3,4,6,5,6,6,6,6,2,7,8,8,4,8,8,7,0,,3,,50,8,2,5,5,5,5,5,5,5,5,5,2,2,2,2,4,0,0,0,0,0,0,0,0,,1,,0,0
4,1,1,7,12:00,100,720,37.35400391,-76.74669647,5,3,1,3,1,2,1,3,1,watch funny videos,6,3,3,4,6,1,4,5,5,7,4,5,3,3,7,10,1,1,6,7,3,10,watch funny videos,5,,70,6,2,5,5,4,6,5,5,5,5,4,2,2,2,1,5,5,3,5,2,6,1,1,1,interesting,1,,0,4,1,5,5,5,5,5,5,5,5,5,1,1,1,1,5,1,5,1,1,4,1,1,1,social app,1,,0,0
2,2,1,7,09:00,100,540,42.65800476,-83.18430328,5,3,2,4,2,3,2,4,2,post on wall,4,3,5,4,4,3,5,5,5,6,6,3,2,5,3,1,2,0,6,5,4,2,interacting with friends,1,,4,1,2,5,5,5,5,5,5,5,5,5,1,1,3,2,3,0,0,0,0,0,0,0,0,,1,,0,0,2,5,5,5,5,5,5,5,5,5,2,3,4,2,3,5,5,5,5,5,5,5,5,,1,,0,5
2,1,2,7,13:00,100,751,39.48849487,-88.35959625,5,1,1,2,2,1,1,1,2,Follow fan pages for websites,1,6,6,6,6,6,6,6,6,6,7,6,6,1,8,10,8,7,10,10,9,8,Follow fan pages for websites,6,10 hours,65,10,5,1,6,6,6,5,1,6,6,6,7,7,7,7,1,10,10,10,7,10,10,10,10,Easy to follow people your interested in,6,10 hours,77,10,4,1,6,5,6,6,3,6,6,6,6,5,6,6,1,8,8,6,9,8,6,7,10,Security ,4,,30,10
3,1,1,10,24:00,100,1465,33.67480469,-111.9518967,5,1,2,4,1,2,3,4,1,comments to photos,3,6,5,6,5,4,6,6,5,6,7,7,7,2,6,7,6,7,7,7,2,5,good interface,4,,70,7,5,3,6,6,5,5,6,3,6,6,6,5,5,6,1,8,9,8,8,8,9,8,10,It's totally free,5,,89,9,5,4,5,6,5,5,5,4,5,5,5,4,5,5,2,8,7,7,7,7,7,6,7,Fast,5,,83,8
3,2,3,5,10:00,100,579,34.3401947,-89.48329926,5,2,2,3,1,2,2,5,5,,1,6,6,6,6,1,6,6,6,7,7,7,7,1,10,10,10,7,10,9,10,0,,4,,52,10,5,1,6,6,6,6,6,6,6,6,5,1,5,1,3,2,2,2,3,3,2,1,0,,1,,0,0,3,6,5,5,6,6,1,5,5,5,1,1,1,1,3,0,0,0,0,0,1,1,0,,1,,1,0
2,2,1,8,09:00,100,506,23.72900391,90.41119385,5,1,1,1,2,1,1,1,1,,3,4,5,4,3,4,4,6,5,6,6,6,7,1,9,4,7,7,9,7,7,9,,5,,100,10,5,4,4,6,5,5,4,4,3,4,6,5,5,6,1,7,8,7,9,6,7,9,8,,3,,78,9,5,4,3,3,1,1,3,3,5,4,6,6,7,6,1,7,4,7,6,3,9,7,8,,3,,47,5
3,2,1,7,09:00,100,537,29.96800232,-90.02929688,5,2,1,2,1,1,1,1,5,,1,4,4,5,6,3,5,6,5,7,7,7,7,1,7,10,7,8,10,9,9,0,,5,,90,10,2,3,4,6,6,6,3,3,5,6,2,2,2,4,4,6,4,5,4,6,7,6,0,,1,,1,5,1,5,5,5,5,5,5,5,5,5,1,1,4,4,3,5,5,5,5,5,5,5,0,,1,,0,0
4,2,1,8,05:00,100,319,42.72860718,-83.14759827,5,5,3,5,1,3,2,4,1,share posts,3,3,3,4,6,3,6,3,4,5,6,6,5,1,6,10,10,7,8,6,7,5,content,5,,86,10,3,4,3,1,4,3,3,3,5,4,2,2,3,5,4,4,2,4,6,5,4,1,0,connections,1,,1,2,1,4,4,4,4,4,4,4,4,4,1,1,1,1,3,5,5,5,5,5,5,5,5,never used,1,,0,5
2,1,3,8,09:00,100,530,14.57530212,-60.97450256,5,2,3,2,1,3,2,5,2,Make Groups,4,3,3,3,6,3,4,3,3,6,6,6,5,2,5,6,6,1,7,5,6,8,Releance,2,,20,1,5,3,4,4,5,4,4,4,6,3,6,6,6,6,1,7,8,6,3,5,1,1,9,Cool Pictures,3,,60,6,5,3,4,3,4,3,3,6,4,6,6,7,7,7,1,6,7,5,8,8,0,0,9,Convenient Calling,3,,40,6
5,2,3,9,13:00,100,773,28.21580505,-82.6595993,5,2,2,2,2,2,2,2,2,',5,5,5,6,6,5,6,5,5,5,5,5,6,3,8,9,8,8,9,9,9,5,',4,,52,8,3,5,5,5,5,5,5,5,5,5,4,4,4,4,3,5,5,5,5,5,5,5,5,',1,,0,6,3,5,5,5,5,5,5,5,5,5,4,4,4,4,3,5,6,6,6,5,5,6,0,.,1,,0,0
3,2,1,6,11:00,100,680,44.94290161,-123.0350952,5,5,5,5,3,5,3,5,4,,5,1,3,3,5,1,5,3,1,6,5,5,1,4,5,6,2,1,10,10,0,0,,2,,81,1,5,5,4,5,4,5,1,5,6,4,6,5,5,3,3,7,8,8,4,5,4,1,0,,2,,21,1,1,5,5,5,5,5,5,5,5,5,1,4,4,1,3,0,0,0,0,0,0,0,0,,1,,0,0
3,2,1,7,11:00,100,689,41.15690613,-85.05560303,5,2,3,3,2,3,1,5,5,n/a,3,5,5,6,4,1,4,6,4,7,7,7,7,2,7,9,8,7,8,7,8,0,n/a,6,25,99,10,1,4,6,6,6,4,4,4,6,4,2,3,4,3,3,6,5,7,3,9,8,6,0,n/a,1,,1,0,1,3,6,3,4,6,4,6,4,5,1,3,3,2,3,6,6,4,5,6,4,5,0,n/a,1,,1,0
4,2,3,5,14:00,100,840,40.90829468,-73.83460236,5,2,2,3,1,2,1,1,3,,4,4,6,6,6,1,6,6,3,6,6,7,5,2,6,8,4,4,8,9,7,1,,5,,80,9,4,3,4,6,6,6,6,6,6,4,5,5,5,3,2,6,7,8,3,9,6,4,0,,3,,20,8,4,4,4,4,6,6,4,6,4,4,5,3,5,3,3,5,8,6,3,7,7,3,0,,2,,10,4
3,2,5,7,11:00,100,692,38.68389893,-121.052597,5,3,5,5,3,5,3,5,5,,6,3,3,1,6,3,3,1,3,6,5,1,2,5,3,10,4,0,8,8,0,1,Interesting platform ,1,,3,0,5,1,6,6,6,5,1,4,6,6,6,6,6,5,1,10,10,8,1,10,10,5,5,Relevance ,3,,70,6,4,5,3,3,3,6,3,6,3,6,5,2,2,2,3,4,10,5,1,9,9,5,7,Clever idea,1,,0,0
3,2,5,8,11:00,100,652,43.01229858,-81.23069763,4,3,2,5,5,3,4,5,4,,1,6,5,6,4,3,5,6,4,2,2,6,1,3,6,6,7,1,4,5,5,0,,1,,5,1,1,1,5,3,3,4,3,3,4,3,1,1,1,1,3,5,5,5,5,5,5,5,0,,1,,2,1,1,5,5,5,5,5,3,5,3,3,1,1,1,1,3,5,5,5,5,5,5,5,5,,1,,1,0
3,2,1,8,12:00,100,726,42.63420105,-72.6026001,4,3,3,5,2,2,1,5,1,read other people's posts,5,3,4,4,6,1,4,5,5,5,6,7,3,3,6,8,9,4,9,8,4,8,popularity,1,,100,5,1,5,3,3,3,6,1,1,6,3,2,1,4,3,3,6,7,8,3,7,6,0,9,for young people,1,,0,0,1,5,5,5,5,5,5,5,5,5,1,1,4,4,3,5,5,5,5,5,5,5,2,popularity,1,,0,0
4,2,1,6,12:00,100,732,32.90829468,-97.42829895,5,1,1,2,2,3,3,4,5,poke someone,3,5,5,5,6,5,4,4,5,6,7,7,6,2,6,10,9,3,9,9,9,10,necessary,4,,81,10,4,3,5,5,5,6,5,5,6,5,5,6,5,6,2,8,9,7,4,8,7,7,9,family,3,,31,10,1,5,5,5,5,5,5,5,5,5,2,2,4,4,3,5,5,5,5,5,5,5,8,reputation,1,,3,7
2,1,1,7,09:00,100,561,41.33869934,-72.69069672,5,2,1,1,1,1,1,1,1,watch videos,6,4,5,4,6,1,3,5,4,7,7,7,6,2,9,10,10,7,10,10,9,0,,5,,80,9,5,4,5,5,5,4,1,5,5,5,7,6,6,5,2,7,8,7,7,7,7,7,0,,4,,15,8,4,5,4,5,5,4,4,3,4,4,3,4,4,5,3,5,9,7,7,6,5,5,0,,2,,5,6
2,2,3,8,13:00,100,803,30.61309814,-96.32170105,5,3,1,2,1,1,1,5,4,,1,6,4,4,6,1,6,6,4,7,7,7,7,1,8,9,6,8,9,9,6,5,,6,28,91,10,5,3,6,6,6,5,3,3,5,3,7,7,6,5,4,6,5,7,4,2,3,1,0,,4,,15,5,5,3,6,6,6,6,1,6,6,6,7,7,7,7,1,10,10,10,10,10,1,8,9,PERSONAL,6,56,100,10
3,2,1,5,03:00,100,212,40.50990295,-85.62640381,4,2,2,1,1,2,2,1,1,,4,5,5,5,6,6,5,5,6,6,5,6,6,2,4,5,5,6,5,6,6,8,na,5,,65,8,3,4,5,4,4,4,5,5,4,5,6,5,5,6,4,3,5,5,7,7,5,7,1,na,1,,50,4,1,6,6,6,6,6,6,6,6,6,7,7,7,7,3,4,5,4,7,7,4,5,2,na,1,,54,7
4,2,5,8,10:00,100,617,32.23129272,-95.29579926,4,2,2,4,2,3,1,3,5,,6,3,3,3,5,3,3,1,5,5,4,5,4,4,5,7,7,4,7,7,5,0,,1,,5,1,4,3,6,6,6,5,6,5,6,6,5,5,5,4,2,9,9,9,5,8,7,6,0,,2,,40,6,3,5,5,5,5,5,5,5,5,5,1,1,1,1,3,0,0,0,0,0,0,0,0,,1,,1,0
3,1,1,8,20:00,100,1177,33.9828949,-84.32420349,5,2,1,3,2,2,2,5,2,look at others people pictures,1,4,3,4,1,1,1,4,3,5,4,5,4,2,7,8,9,6,8,9,8,0,n/a,6,,69,8,4,1,5,6,5,1,1,3,5,6,5,5,4,5,3,7,7,9,7,7,6,7,0,n/a,5,,17,7,5,1,5,4,4,1,1,3,4,5,6,6,6,6,2,6,6,5,5,7,7,6,0,n/a,5,,16,9
5,2,1,5,18:00,100,1081,40.25939941,-81.9641037,5,1,1,5,2,5,1,5,5,,3,4,3,3,6,3,3,4,1,7,5,6,4,2,6,10,7,0,10,8,6,0,,6,12,90,5,4,1,5,5,5,5,3,3,6,6,6,6,6,7,1,4,5,10,4,10,0,6,0,,1,,9,5,1,1,1,1,1,1,1,1,1,1,1,1,1,1,5,0,0,0,0,0,0,0,0,,1,,1,0
3,2,1,9,07:00,100,418,43.13110352,-88.33589935,5,2,2,3,2,3,2,4,4,,3,5,5,5,6,5,5,5,6,6,6,7,6,1,9,9,7,6,9,9,9,0,na,3,,77,8,5,3,6,5,5,6,4,6,6,6,6,6,6,6,2,10,10,7,7,9,5,5,0, na,2,,10,8,1,5,3,3,3,6,3,5,3,5,1,1,4,4,4,0,0,0,0,0,0,0,0,,1,,0,0
4,2,1,3,14:00,100,887,39.90559387,-75.48739624,5,3,3,3,1,3,1,2,5,N/A,4,4,3,3,4,4,5,5,5,5,6,4,4,3,5,8,6,5,7,7,6,6,,5,,60,5,4,3,5,5,5,5,4,5,6,6,5,5,5,4,3,7,6,7,6,6,7,7,0,N/A,4,,30,5,1,5,4,4,4,5,5,5,5,5,2,2,2,2,3,0,0,0,0,0,0,0,0,N/A,1,,0,0
2,1,1,7,07:00,100,462,43.51899719,-96.73220062,5,5,2,5,3,3,2,3,4,,1,5,5,5,6,3,5,6,6,6,7,7,2,5,7,6,8,0,10,8,6,0,,1,,10,2,4,1,6,6,6,5,3,5,6,6,3,2,6,3,3,8,6,10,0,10,7,3,0,,1,,5,4,1,3,5,5,5,6,5,6,5,6,1,2,4,2,5,5,6,4,2,5,6,5,0,,1,,2,2
4,2,1,5,06:00,100,389,38.34150696,-82.51799774,1,4,3,3,3,3,3,2,4,,4,4,3,3,3,3,3,4,3,2,2,2,2,2,5,4,4,3,4,4,5,0,,3,,31,4,5,3,5,4,4,3,4,4,3,4,6,4,4,5,3,5,3,4,3,3,4,4,0,,3,,72,7,1,1,1,1,1,1,3,1,1,1,1,1,1,1,3,1,1,0,1,1,1,1,0,,1,,0,0
5,1,1,7,18:00,100,1076,32.85740662,-96.87059784,1,4,2,3,2,3,3,4,2,Read postings from friends,3,6,4,4,6,3,4,6,5,6,6,5,5,2,7,8,8,7,8,7,8,8,Catching-up on old friends.,4,,40,6,4,3,6,6,5,4,3,6,6,6,6,6,6,5,2,9,9,8,9,10,4,7,9,Browsing portfolio's,3,,25,8,1,5,5,5,5,5,5,5,5,5,1,1,1,1,3,0,0,0,0,0,0,0,0,N/A,1,,0,0
4,1,5,10,08:00,100,510,39.27679443,-76.90149689,4,5,3,3,2,5,2,3,2,read,3,3,3,3,6,1,6,4,4,6,3,4,2,3,5,8,6,1,7,7,4,7,read,1,,11,2,4,3,6,5,4,6,4,3,6,3,4,2,5,3,3,7,3,7,4,6,1,3,8,pretty pictures,1,,27,5,1,3,4,3,3,5,1,4,3,5,1,1,4,2,3,3,5,1,4,5,2,6,7,convenient,1,,7,5
2,1,1,8,09:00,100,571,32.81480408,-96.87049866,5,2,1,3,1,2,1,1,5,,6,6,6,6,5,6,5,6,6,7,6,6,7,3,8,10,5,7,5,9,9,0,,2,,80,10,5,6,4,6,5,6,6,6,5,6,6,7,6,7,4,8,7,6,3,8,7,5,1,,1,,72,7,5,5,4,6,6,6,6,6,6,6,7,6,6,7,4,9,9,6,8,8,7,9,2,,3,,92,10
5,1,1,5,08:00,100,473,37.76620483,-87.25910187,5,5,2,5,3,5,3,5,5,,6,3,3,6,6,1,1,1,1,6,6,5,5,3,7,9,3,4,8,6,8,0,none,4,,33,3,5,6,6,6,5,5,1,1,6,5,6,6,7,5,2,8,9,9,4,6,5,9,0,none,5,,50,6,1,5,5,5,5,5,5,5,5,5,1,1,1,1,3,0,0,0,0,0,0,0,0,none,1,,0,0
4,1,1,9,08:00,100,460,44.68490601,-92.88490295,4,3,2,5,4,5,5,5,5,,6,3,3,3,6,1,4,1,3,4,2,2,2,3,5,5,3,3,7,7,5,0,na,1,,3,1,4,5,5,5,5,6,1,5,5,5,4,3,5,5,2,7,7,6,5,8,8,5,0,na,1,,5,5,1,5,5,5,5,5,5,5,5,5,1,1,1,1,3,0,0,0,0,0,0,0,0,never used,1,,0,0
3,2,1,9,07:00,100,396,37.34950256,-122.1163025,5,2,2,3,2,2,2,5,5,,1,6,6,6,4,5,3,6,6,7,7,7,7,2,8,9,7,7,8,8,7,0,,3,,40,10,5,1,6,6,6,4,5,4,6,6,7,7,7,7,2,8,9,9,8,9,8,8,0,,3,,61,10,1,5,5,5,5,5,5,5,5,5,1,1,1,1,3,5,5,5,5,5,5,5,0,,1,,0,5
2,1,1,5,04:00,100,264,36.79679871,-76.17669678,5,4,4,5,4,4,4,5,1,,1,5,5,5,6,5,1,5,5,6,6,7,7,1,5,9,5,5,7,7,8,0,,3,,100,6,5,1,3,1,3,3,4,3,3,1,1,1,1,1,4,1,2,1,1,1,1,1,0,,1,,0,0,1,4,4,4,4,4,4,4,4,4,4,4,4,4,3,0,0,0,0,0,0,0,0,,1,,0,0
3,1,1,8,10:00,100,607,42.65409851,-71.92199707,5,5,3,5,2,2,2,5,2,Like Pages,3,5,5,5,4,3,5,5,3,6,6,6,5,4,6,5,6,3,4,4,3,2,Useful,4,,35,2,5,1,6,5,5,3,3,5,6,6,7,7,7,6,1,9,9,6,7,8,6,7,9,Addicting,5,,74,8,2,3,3,3,3,1,1,5,5,5,1,2,2,2,3,4,3,4,3,3,3,3,3,Not used often,3,,8,1
3,1,3,8,05:00,100,289,41.6934967,-87.61450195,5,2,2,5,3,4,1,3,3,na,4,5,5,3,6,5,4,3,1,6,2,5,3,4,6,4,2,9,7,4,3,0,na,4,,40,5,4,4,1,3,5,6,5,4,1,3,6,2,4,3,3,5,3,2,8,7,5,3,0,na,3,,42,3,2,3,6,5,1,3,3,4,5,5,6,2,3,4,2,3,7,5,2,2,4,8,0,na,1,,1,1
3,2,1,6,10:00,100,574,37.68119812,-122.1344986,1,3,3,3,3,3,3,5,5,,6,3,3,3,4,1,5,3,1,5,5,5,4,3,3,6,3,0,10,10,0,0,,2,,12,0,5,6,3,3,3,3,3,3,3,3,5,5,5,5,3,3,6,5,2,10,3,3,0,,4,,86,3,1,1,1,1,1,1,1,1,1,1,1,1,1,1,3,0,0,0,0,0,0,0,0,,1,,0,0
2,2,1,8,09:00,100,547,40.31489563,-86.89080048,5,2,1,2,3,3,1,5,5,,4,4,3,3,6,1,3,5,4,6,6,5,4,4,5,8,2,0,8,7,5,0,,4,,40,5,5,3,6,6,6,5,3,4,6,6,6,6,5,6,2,10,9,5,7,10,8,4,0,,3,,20,7,1,3,4,3,3,5,1,5,4,6,1,1,1,1,3,5,5,5,5,5,5,5,5,,1,,0,5
4,2,3,8,11:00,100,654,37.50230408,-77.56929779,5,4,3,4,2,4,5,4,4,,4,5,5,5,6,3,6,6,6,7,6,6,5,2,8,10,6,2,9,9,8,0,,3,,80,9,2,5,5,5,5,4,3,5,6,6,2,2,5,1,3,7,8,6,7,9,8,2,0,,1,,0,1,1,4,4,4,4,4,4,5,3,5,2,1,1,1,3,6,6,6,5,6,6,5,0,,1,,0,2
3,1,3,9,04:00,100,3857,40.72140503,-74.00520325,5,1,2,1,2,1,2,1,2,,1,5,6,5,6,3,6,5,6,7,6,7,6,1,9,9,9,9,9,8,10,8,,4,,89,9,5,1,6,5,6,5,6,5,6,5,7,6,7,6,1,6,5,8,9,9,10,8,7,,5,,92,10,5,1,6,5,6,5,6,5,6,5,7,6,7,6,1,8,9,8,9,8,9,8,9,,5,,97,10
3,1,2,4,07:00,100,387,33.9230957,-118.1396027,5,5,5,5,2,3,4,5,5,,1,4,5,6,6,1,5,3,6,6,6,7,6,3,7,9,9,7,9,10,2,0,,2,,20,7,2,6,1,1,3,5,1,5,6,5,2,2,6,1,4,4,3,8,2,8,2,1,0,,1,,4,2,4,3,1,1,3,5,1,5,1,5,5,6,5,6,3,3,8,1,2,1,1,1,0,,1,,15,8
1,1,1,5,08:00,100,511,39.99299622,-82.99849701,5,5,5,5,3,3,3,5,4,NA,4,6,5,5,6,3,6,3,4,6,6,3,3,2,5,8,7,0,8,8,3,0,NA,1,,5,5,5,3,6,6,6,4,1,6,6,4,6,7,7,7,2,8,8,6,0,8,8,3,0,NA,2,,40,8,2,6,4,4,3,4,1,6,1,4,2,1,1,4,3,5,5,5,0,5,5,5,5,NA,1,,0,0
3,1,5,8,08:00,100,516,40.76370239,-73.77249908,5,3,4,5,3,4,4,3,4,N/A,5,5,3,3,5,4,6,5,5,5,6,6,4,2,5,8,10,2,7,7,5,5,N/A,3,,85,5,3,1,3,3,5,4,3,6,6,6,1,1,1,1,3,5,5,9,2,10,5,5,5,n/a,1,,0,0,5,3,4,4,1,6,1,5,5,6,6,7,4,5,2,9,10,7,6,9,5,6,5,N/A,2,,20,7
2,1,2,9,15:00,100,900,44.90159607,-122.9223022,5,2,2,2,2,2,1,5,1,Business,3,3,6,4,6,1,6,5,5,6,6,6,5,2,5,7,8,1,6,6,6,7,Business information,3,,70,5,4,3,5,5,5,6,3,6,5,6,4,2,3,4,3,4,7,6,7,6,6,6,5,Business,1,,0,2,1,3,5,5,5,6,5,6,5,5,6,6,6,6,2,5,7,8,6,7,5,7,4,Video,1,,10,7
2,1,1,8,04:00,100,269,38.77009583,-77.63210297,2,1,1,1,1,1,1,1,1,,3,5,5,4,4,3,4,4,5,6,6,6,6,2,5,6,6,5,7,6,6,5,,3,,54,7,5,4,5,5,4,3,4,5,4,5,7,7,7,7,1,9,10,9,9,9,10,9,9,,5,,63,9,5,3,4,3,4,5,3,3,4,4,7,7,7,7,1,10,10,10,10,10,10,10,10,,6,,96,10
3,1,1,7,06:00,100,369,36.11129761,-115.2790985,5,5,3,4,1,2,1,3,2,add friends,3,1,1,1,6,1,6,3,5,6,6,5,5,2,7,10,8,2,10,10,6,9,fun to use,3,,50,9,4,1,1,3,3,6,1,6,5,5,5,5,4,5,2,8,9,7,9,10,6,3,5,networking,1,,10,6,1,6,1,1,1,6,1,6,1,1,1,1,1,1,4,5,5,5,3,3,2,5,0,popularity,1,,0,0
3,1,1,7,20:00,100,1237,34.22810364,-84.1780014,5,5,5,5,3,5,2,4,1,,6,5,6,3,5,6,3,5,3,6,5,7,2,2,6,8,1,3,7,2,3,0,,1,,79,1,4,5,6,5,3,4,1,4,5,4,5,6,6,5,1,8,9,6,3,4,2,6,0,,1,,9,3,1,4,4,4,4,4,4,4,4,4,4,4,4,4,3,5,5,5,5,5,5,5,0,,1,,0,0
4,1,1,8,08:00,100,519,40.3117981,-88.146698,5,3,2,5,2,2,1,3,4,NA,1,1,1,1,6,1,6,1,6,6,6,6,6,2,8,9,10,5,10,10,5,0,NA,5,,70,9,4,1,1,1,1,6,1,6,1,6,5,2,6,5,2,7,9,10,5,10,10,4,0,NA,1,,0,4,1,5,5,5,5,5,5,5,5,5,1,1,4,4,3,0,0,0,0,0,0,0,0,NA,1,,0,0
4,2,1,8,07:00,100,14793,40.75059509,-73.82039642,5,3,2,4,2,5,3,4,1,Like posts,3,5,5,5,6,3,6,5,6,5,7,5,4,3,7,7,6,8,8,8,6,3,Ease of reading posts in order,5,,39,6,4,3,6,5,5,5,4,6,6,6,3,6,5,6,2,7,8,5,7,5,8,9,7,search function,3,,19,10,1,5,5,4,5,5,4,5,5,5,1,1,5,4,3,5,5,5,5,5,5,5,0,n/a,1,,0,5
