ID,Age,Gender,Ethnicity,School,Survey Time,lat,long,ReccomendToAFriend,How familiar are you with this platform?,How likely are you to do the following when you use Facebook? - Click on suggested posts,How likely are you to do the following when you use Facebook? - Read articles,How likely are you to do the following when you use Facebook? - Click on links to products,How likely are you to do the following when you use Facebook? - Share photos,How likely are you to do the following when you use Facebook? - Find new connections,How likely are you to do the following when you use Facebook? - Message others,How likely are you to do the following when you use Facebook? - Play games,How likely are you to do the following when you use Facebook? - Others (Please indicate),The Facebook platform is: - Low end,The Facebook platform is: - Elegant,The Facebook platform is: - Prestigious,The Facebook platform is: - Sophisticated,The Facebook platform is: - Conventional,The Facebook platform is: - Expensive,The Facebook platform is: - Modest,The Facebook platform is: - Stylish,The Facebook platform is: - Sincere,Please indicate the extent to which you agree with the following statements regarding Facebook: - I know a lot about Facebook,Please indicate the extent to which you agree with the following statements regarding Facebook: - Facebook is relevant to me,Please indicate the extent to which you agree with the following statements regarding Facebook: - Facebook stands out from its competitors,regard,"Compared with other used social media platforms, please rate Facebook's website/mobile app experience?","On a scale of 1 to 10, please rate your experience of using Facebook on following aspects: - Design","On a scale of 1 to 10, please rate your experience of using Facebook on following aspects: - Easy to use","On a scale of 1 to 10, please rate your experience of using Facebook on following aspects: - Personalization","On a scale of 1 to 10, please rate your experience of using Facebook on following aspects: - Privacy","On a scale of 1 to 10, please rate your experience of using Facebook on following aspects: - Easy to share","On a scale of 1 to 10, please rate your experience of using Facebook on following aspects: - Easy to make friend","On a scale of 1 to 10, please rate your experience of using Facebook on following aspects: - Useful Information","On a scale of 1 to 10, please rate your experience of using Facebook on following aspects: - Others (please specify)",Please indicate the amount of time you use Facebook per week: - Selected Choice,What percent of your total social media usage time is spent on Facebook? - %,How famliar are you with this platform?,The Instagram platform is: - Low end,The Instagram platform is: - Elegant,The Instagram platform is: - Prestigious,The Instagram platform is: - Sophisticated,The Instagram platform is: - Conventional,The Instagram platform is: - Expensive,The Instagram platform is: - Modest,The Instagram platform is: - Stylish,The Instagram platform is: - Sincere,Please indicate the extent to which you agree with the following statements regarding Instagram: - I know a lot about Instagram,Please indicate the extent to which you agree with the following statements regarding Instagram: - Instagram is relevant to me,Please indicate the extent to which you agree with the following statements regarding Instagram: - Instagram stands out from its competitors,,"Compared with other used social media platforms, please rate Instagram's website/mobile app experience?","On a scale of 1 to 10, please rate your experience of using Instagram on following aspects: - Design","On a scale of 1 to 10, please rate your experience of using Instagram on following aspects: - Easy to use","On a scale of 1 to 10, please rate your experience of using Instagram on following aspects: - Personalization","On a scale of 1 to 10, please rate your experience of using Instagram on following aspects: - Privacy","On a scale of 1 to 10, please rate your experience of using Instagram on following aspects: - Easy to share","On a scale of 1 to 10, please rate your experience of using Instagram on following aspects: - Easy to make friend","On a scale of 1 to 10, please rate your experience of using Instagram on following aspects: - Useful Information","On a scale of 1 to 10, please rate your experience of using Instagram on following aspects: - Others (please specify)","On a scale of 1 to 10, please rate your experience of using Instagram on following aspects: - Others (please specify) - Text",Please indicate the amount of time you use Instagram per week: - Selected Choice,Please indicate the amount of time you use Instagram per week: - > 8 hours (please specify) - Text,What percent of your total social media usage time is spent on Instagram? - %,How likely are you to recommend Instagram to a colleague or friend?,How famliar are you with this platform?,The Whatsapp platform is: - Low end,The Whatsapp platform is: - Elegant,The Whatsapp platform is: - Prestigious,The Whatsapp platform is: - Sophisticated,The Whatsapp platform is: - Conventional,The Whatsapp platform is: - Expensive,The Whatsapp platform is: - Modest,The Whatsapp platform is: - Stylish,The Whatsapp platform is: - Sincere,Please indicate the extent to which you agree with the following statements regarding Whatsapp: - I know a lot about Whatsapp,Please indicate the extent to which you agree with the following statements regarding Whatsapp: - Whatsapp is relevant to me,Please indicate the extent to which you agree with the following statements regarding Whatsapp: - Whatsapp stands out from its competitors,Please indicate the extent to which you agree with the following statements regarding Whatsapp: - I hold Whatsapp in high regard,"Compared with other used social media platforms, please rate Whatsapp's website/mobile app experience?","On a scale of 1 to 10, please rate your experience of using Whatsapp on following aspects: - Design","On a scale of 1 to 10, please rate your experience of using Whatsapp on following aspects: - Easy to use","On a scale of 1 to 10, please rate your experience of using Whatsapp on following aspects: - Personalization","On a scale of 1 to 10, please rate your experience of using Whatsapp on following aspects: - Privacy","On a scale of 1 to 10, please rate your experience of using Whatsapp on following aspects: - Easy to share","On a scale of 1 to 10, please rate your experience of using Whatsapp on following aspects: - Easy to make friend","On a scale of 1 to 10, please rate your experience of using Whatsapp on following aspects: - Useful Information","On a scale of 1 to 10, please rate your experience of using Whatsapp on following aspects: - Others (please specify)","On a scale of 1 to 10, please rate your experience of using Whatsapp on following aspects: - Others (please specify) - Text",Please indicate the amount of time you use Whatsapp per week: - Selected Choice,Please indicate the amount of time you use Whatsapp per week: - > 8 hours (please specify) - Text,What percent of your total social media usage time is spent on Whatsapp? - %,How often do you use the following social media platforms? - Facebook,How often do you use the following social media platforms? - Instagram,How often do you use the following social media platforms? - Whatsapp,How often do you use the following social media platforms? - Twitter,Browser Meta Info - Browser,Browser Meta Info - Operating System
1,2,2,5,5,2:13,21.34300232,-157.934906,5,2,4,2,3,2,5,3,5,1,6,5,3,3,5,5,4,4,5,4,6,5,2,2,3,6,4,7,5,7,8,0,2,26,2,5,5,3,5,4,1,5,6,6,2,5,5,,2,3,6,5,7,7,3,3,0,,2,,35,7,2,3,4,5,5,1,3,5,5,5,1,4,4,2,2,0,2,7,5,8,7,2,0,,3,,31,2,2,3,1,Chrome,Windows NT 10.0
2,3,1,1,8,3:49,40.44059753,-79.99590302,4,5,4,4,4,4,3,4,4,4,5,5,5,5,5,5,5,5,5,5,4,4,3,4,7,7,6,2,7,6,7,0,3,17,4,5,5,5,5,5,5,5,5,5,3,3,4,,3,5,5,5,5,5,5,5,0,NA,1,,0,5,1,5,5,5,5,5,5,5,5,5,4,4,4,4,3,0,0,0,0,0,0,0,0,,1,,0,3,3,1,4,Chrome,Windows NT 6.3
3,3,1,1,8,4:45,39.59750366,-84.15599823,1,5,5,5,5,4,4,5,5,5,6,3,1,1,1,1,1,1,4,5,6,4,4,3,7,8,1,5,6,5,3,0,4,73,1,5,5,5,5,5,5,5,5,5,1,1,4,,3,0,0,0,0,0,0,0,0,,1,,0,0,1,5,5,5,5,5,5,5,5,5,1,1,4,4,3,0,0,0,0,0,0,0,0,,1,,0,5,1,1,1,Firefox,Windows NT 6.1
4,4,1,1,8,4:12,37.75100708,-97.8219986,7,4,3,3,3,3,3,3,3,3,5,5,5,5,5,5,5,5,5,5,5,5,5,3,5,6,7,8,8,7,7,7,4,68,4,5,5,5,5,5,5,5,5,5,5,5,5,,4,7,6,7,7,7,8,8,7,,4,,63,7,4,4,4,4,4,4,4,4,4,4,6,6,6,6,4,6,7,8,8,9,5,6,7,,3,,55,3,3,3,3,Chrome,Windows NT 6.1
5,2,2,1,9,4:34,28.02879333,-82.76889801,7,5,1,1,1,1,1,1,1,2,3,3,3,3,6,3,5,5,5,6,6,6,7,1,6,7,7,8,6,6,7,4,4,62,5,1,6,6,6,6,6,6,6,6,6,6,6,,1,8,8,9,8,8,7,7,8,,5,,57,7,1,5,5,5,5,5,5,5,5,5,5,5,5,5,3,0,0,1,1,1,1,1,1,,1,,7,4,5,1,1,Safari,Macintosh
6,2,2,1,8,5:03,40.4651947,-74.23069763,10,5,4,1,2,1,4,2,2,5,4,5,6,6,6,1,4,6,6,7,7,7,7,3,10,10,10,6,10,10,10,4,5,50,5,1,6,6,6,6,6,6,6,6,7,7,7,,2,10,10,10,10,10,6,10,0,,5,,20,10,1,6,1,1,1,1,1,1,1,1,1,1,1,1,3,0,0,0,0,0,0,0,0,,1,,0,5,5,1,1,Chrome,Windows NT 6.3
7,3,1,1,5,5:12,34.0493927,-118.2640991,9,2,1,3,2,2,3,4,3,3,4,3,3,3,4,5,5,6,5,3,5,5,6,3,6,8,7,5,7,4,9,0,4,83,5,1,6,6,6,4,1,6,6,6,7,7,7,,3,6,9,8,8,8,9,8,10,,1,,10,10,1,5,5,3,4,4,4,5,3,4,1,1,1,1,4,5,5,5,5,5,5,5,5,,1,,1,4,2,1,2,Chrome,Windows NT 6.1
8,2,1,1,5,5:04,41.36799622,-72.45639801,0,4,5,3,5,4,5,4,5,5,6,1,1,1,5,5,3,3,1,4,1,4,1,3,2,2,4,0,5,0,0,0,1,5,3,5,5,5,5,5,5,5,5,5,4,4,4,,3,5,5,0,0,5,0,0,0,none,1,,5,0,1,5,5,5,5,5,5,5,5,5,4,4,4,4,3,0,0,0,0,0,0,0,0,none,1,,0,1,2,3,5,Chrome,Windows NT 10.0
9,3,1,1,3,5:38,35.61889648,-120.7668991,5,5,3,3,5,2,2,2,5,2,4,4,3,3,5,3,4,3,1,6,6,6,6,3,6,5,3,1,1,1,3,2,2,65,1,4,3,3,1,4,4,1,1,4,3,3,4,,3,3,3,4,2,2,1,1,1,cool,1,,1,0,1,1,1,4,3,3,3,3,1,4,1,1,1,1,4,4,6,4,2,1,1,1,1,,1,,1,5,1,1,1,Chrome,Macintosh
10,2,2,2,3,5:20,34.0144043,-117.2771988,5,2,2,2,2,2,2,2,3,2,5,3,5,5,5,5,5,5,5,4,4,4,3,3,5,6,5,2,6,5,5,0,1,15,1,4,5,5,5,5,5,5,5,5,5,5,5,,2,7,8,6,5,7,2,6,0,,1,,20,8,4,5,5,5,4,4,5,4,4,5,4,4,4,4,3,4,4,4,4,2,2,2,0,,1,,10,3,4,1,4,Chrome,Windows NT 10.0
11,3,1,1,5,5:01,32.84260559,-105.9890976,9,5,1,1,1,1,1,1,2,5,3,3,3,3,5,3,3,5,5,6,6,6,6,2,9,7,8,8,8,8,9,0,3,69,2,3,3,3,3,3,3,3,5,5,2,2,2,,3,8,7,5,5,5,5,5,0,na,1,,0,5,1,5,5,5,5,5,5,5,5,5,4,4,4,4,3,0,0,0,2,0,0,0,0,na,1,,0,5,2,2,1,Firefox,Windows NT 6.3
12,2,2,1,8,4:19,34.0493927,-118.2640991,8,1,1,2,1,3,2,2,2,5,6,6,5,6,6,5,6,5,6,5,6,5,7,4,8,9,9,7,7,10,8,10,3,73,4,6,4,5,5,5,6,6,5,5,5,6,6,,4,8,9,7,9,8,10,8,10,nill,3,,61,9,4,6,5,4,5,6,5,5,6,5,6,5,6,7,4,8,9,8,8,9,9,10,10,nill,2,,67,3,4,4,4,Chrome,Windows NT 6.1
13,4,1,1,8,5:20,40.73170471,-73.9885025,6,3,3,3,3,3,3,3,3,3,4,4,4,4,4,5,5,5,5,3,4,5,5,4,6,7,7,6,6,6,7,6,3,65,3,4,5,4,5,4,5,4,4,4,4,5,5,,3,6,6,5,6,6,6,6,0,,3,,58,6,4,4,4,4,4,4,4,4,5,5,4,4,5,5,3,6,6,6,7,6,5,6,0,,3,,55,3,3,3,3,Chrome,Windows NT 6.1
14,3,2,1,8,6:28,38.11289978,-122.1331024,4,5,3,2,2,1,2,1,2,5,6,3,3,3,6,3,3,3,1,6,6,6,2,4,4,7,8,1,7,7,7,0,4,32,5,1,6,6,6,3,6,5,6,6,7,7,7,,1,9,10,10,2,10,9,10,0,,5,,51,10,4,3,3,4,3,4,3,4,3,3,5,5,5,2,4,2,6,3,3,7,6,7,0,,1,,0,4,5,1,4,Chrome,Windows NT 10.0
15,4,2,1,8,6:22,41.10339355,-104.905899,10,5,3,2,3,1,2,1,5,5,1,3,3,3,6,1,6,3,4,6,6,6,6,2,5,10,4,8,10,10,6,0,3,91,4,3,3,3,3,5,1,5,4,5,3,4,4,,3,5,5,5,5,5,5,5,0,na,1,,1,5,1,5,5,5,5,5,5,5,5,5,1,4,4,4,3,5,5,5,5,5,5,5,5,na,1,,0,5,1,1,1,Chrome,Windows NT 6.1
16,3,1,1,8,6:51,28.2118988,-80.75830078,1,5,4,3,3,4,2,1,2,4,6,1,1,1,6,1,1,1,1,6,2,3,1,5,1,1,2,0,4,6,0,10,2,10,4,3,1,1,1,6,1,1,1,1,2,1,1,,3,3,2,2,1,5,0,0,0,nothing,1,,5,5,1,5,5,5,5,5,5,5,5,5,4,4,4,4,3,5,5,5,5,5,5,5,5,never used,1,,0,2,1,1,1,Chrome,Windows NT 10.0
17,2,1,3,4,6:44,40.0256958,-74.89160156,4,5,1,1,5,1,1,1,5,5,1,4,4,4,6,1,6,4,6,7,7,7,1,3,6,10,3,1,10,5,7,0,1,10,5,1,6,4,4,6,1,6,6,6,7,7,7,,1,10,10,10,10,10,10,10,0,,2,,30,10,1,4,4,4,4,4,4,4,4,4,1,1,1,1,3,0,0,0,0,0,0,0,0,,1,,0,5,5,1,4,Chrome,Windows NT 10.0
18,3,1,1,8,6:33,39.27839661,-76.55699921,3,5,4,3,2,4,4,1,2,1,4,3,1,1,1,4,4,3,4,5,4,4,5,2,5,4,2,7,6,4,6,0,3,68,3,4,6,6,4,6,4,4,6,3,4,2,6,,2,2,4,7,5,3,8,7,0,,3,,39,3,2,3,4,6,3,5,4,5,5,4,3,6,5,4,3,7,4,5,7,2,5,3,0,,1,,4,5,4,2,3,Chrome,Windows NT 6.2
19,2,1,1,8,7:03,32.94900513,-96.43450165,5,5,3,3,1,3,4,2,2,2,3,6,4,3,4,4,5,3,4,4,3,5,2,4,3,5,5,7,3,6,7,5,2,39,4,5,5,3,5,3,4,3,4,3,2,3,5,,2,4,6,4,6,7,5,3,6,talk to friends,3,,53,4,4,3,5,3,3,1,1,3,5,4,3,5,4,3,3,5,3,6,6,8,7,7,5,cost,3,,43,3,2,2,3,Chrome,Windows NT 10.0
20,3,1,1,5,6:58,40.76179504,-73.32929993,0,4,3,2,5,5,3,5,5,5,6,3,4,4,4,4,6,4,4,5,3,3,1,4,4,6,3,1,5,5,4,0,2,10,5,3,6,6,6,6,5,4,6,6,7,7,7,,1,7,7,7,1,7,4,1,0,,5,,80,7,5,4,4,4,6,6,1,4,6,6,7,7,7,7,2,7,7,7,2,7,0,0,0,,2,,10,2,4,2,2,Chrome,Windows NT 10.0
21,5,2,1,8,6:24,39.73510742,-75.66840363,6,5,2,2,2,2,3,1,3,3,3,3,3,3,4,3,3,4,4,7,6,6,5,3,7,8,8,5,9,5,6,8,3,72,4,3,3,3,3,4,3,3,4,4,6,5,5,,3,5,5,6,5,6,5,6,7,Fun,2,,22,5,1,3,3,3,3,3,3,3,3,3,2,2,2,2,4,3,3,3,4,3,3,3,3,fun,1,,0,5,3,1,1,Chrome,Windows NT 10.0
22,3,2,1,10,6:09,29.63130188,-82.58139801,10,5,4,4,4,1,4,1,4,1,1,6,6,6,1,6,6,6,6,7,7,7,7,1,10,10,8,4,10,10,10,10,4,70,5,1,6,6,6,1,6,6,6,6,7,7,7,,1,10,10,10,5,10,10,10,10,fun,3,,30,10,1,4,4,4,4,4,4,4,4,4,1,1,1,1,1,0,0,0,0,0,0,0,0,unknown,1,,0,5,4,1,2,Chrome,Windows NT 10.0
23,3,1,1,8,7:12,30.79170227,-81.57309723,10,5,3,2,3,3,2,3,3,5,1,5,5,6,4,3,5,6,6,5,6,5,7,3,5,8,3,2,7,9,7,0,3,80,5,6,6,6,6,6,1,5,6,5,6,7,7,,3,6,7,4,5,8,6,7,0,n/a,1,,20,10,1,5,5,5,5,5,5,5,5,5,1,1,1,1,3,0,0,0,0,0,0,0,0,n/a,1,,0,5,3,1,1,Chrome,Windows NT 10.0
24,4,1,1,8,5:41,29.42410278,-98.49359894,7,4,3,3,3,4,4,4,4,3,4,5,5,5,5,5,5,6,5,4,5,5,6,3,5,7,6,5,7,6,7,6,4,63,4,5,5,5,6,6,6,6,6,6,5,6,6,,3,6,7,7,6,8,8,7,6,,4,,58,7,5,5,5,5,6,6,6,6,6,6,5,6,6,6,3,6,5,7,7,8,5,7,8,,2,,68,3,3,4,4,Chrome,Windows NT 6.1
25,2,1,1,8,6:09,-12.98330688,-38.51669312,6,1,2,3,2,2,3,3,2,3,3,5,4,4,5,1,4,4,5,5,6,6,6,3,6,8,8,6,8,8,8,5,5,41,1,1,4,5,4,4,1,4,5,5,5,4,5,,3,7,8,9,7,7,5,7,5,,5,,59,8,1,3,4,5,5,4,5,6,5,4,5,6,6,6,2,7,9,9,7,6,6,8,5,,4,,49,4,5,5,3,Chrome,Windows NT 10.0
26,3,1,1,8,6:33,34.020401,-84.24449921,5,1,2,3,4,2,3,4,3,4,3,5,4,3,5,4,3,4,4,3,4,3,4,3,5,5,6,7,6,5,6,7,1,60,2,3,5,4,3,4,5,4,3,4,5,4,4,,3,5,6,5,6,4,5,4,5,fun,2,,44,4,1,3,4,5,4,3,4,4,4,3,3,4,3,2,3,5,5,6,4,4,6,5,1,fun,1,,38,4,4,1,1,Chrome,Windows NT 10.0
27,3,1,3,8,6:52,40.72140503,-74.00520325,6,5,1,1,1,1,1,1,1,1,5,4,5,5,6,4,5,6,4,4,7,7,5,4,10,9,8,7,8,6,7,6,6,86,5,4,5,6,4,5,6,5,4,4,7,7,4,,4,5,7,9,7,7,6,9,7,,5,,71,7,5,5,4,6,6,5,3,5,6,4,4,6,5,6,4,6,7,8,10,8,7,9,0,,6,12,93,5,5,5,5,Chrome,Windows NT 10.0
28,2,1,1,8,7:25,45.67990112,-89.34600067,2,5,3,2,3,3,3,2,5,4,3,3,5,5,4,5,5,6,3,6,5,5,3,2,7,9,4,5,9,7,6,0,3,83,5,3,5,5,4,4,4,4,6,3,6,5,5,,3,7,8,6,4,7,3,3,0,,1,,14,1,1,5,5,5,5,5,5,5,5,5,1,1,1,1,3,0,0,0,0,0,0,0,0,,1,,0,3,2,1,1,Chrome,Windows NT 10.0
29,2,1,1,4,6:17,35.47799683,-120.4891052,4,5,2,2,3,2,2,3,3,3,3,3,3,4,4,3,4,4,4,4,3,4,3,3,4,3,3,4,4,3,4,3,3,46,3,3,4,4,5,4,5,4,3,4,4,3,3,,3,4,4,4,4,2,5,4,5,,3,,47,4,3,4,4,4,4,3,3,4,3,3,4,4,3,4,3,4,4,4,3,5,4,4,0,,4,,43,3,3,3,2,Chrome,Windows NT 10.0
30,2,2,1,7,7:57,33.37759399,-112.3873978,1,5,5,2,5,5,5,2,5,4,6,1,1,1,6,1,5,1,3,5,3,2,2,4,1,6,1,2,7,2,5,5,2,5,5,3,3,3,3,1,3,3,5,3,6,7,7,,1,7,9,6,10,7,9,8,5,,5,,85,8,1,5,5,5,5,5,5,5,5,5,1,1,1,1,3,0,0,0,0,0,0,0,0,,1,,0,2,5,1,2,Chrome,Windows NT 10.0
31,3,2,3,8,7:15,34.07640076,-118.2626038,6,5,3,2,3,1,1,2,3,1,3,3,3,3,3,3,5,5,5,6,6,6,6,3,7,8,6,6,5,6,5,0,3,26,5,1,5,5,6,6,6,5,6,6,5,6,6,,1,10,9,9,9,9,8,9,0,,5,,66,9,4,3,3,3,3,3,3,3,5,5,5,3,3,3,3,4,6,5,4,5,5,4,0,,2,,11,4,4,2,4,Chrome,Macintosh
32,2,1,2,8,8:03,33.43569946,-111.917099,10,5,1,3,4,1,1,1,4,1,5,5,5,5,5,5,5,5,5,7,5,5,5,2,1,9,1,1,10,10,9,0,5,35,5,1,6,6,6,6,4,1,6,4,7,7,7,,1,10,10,1,4,10,10,9,0,don't know this shouldnt be mandatory,5,,50,10,5,1,6,4,4,6,3,6,4,6,7,7,7,7,1,1,10,4,10,10,10,4,0,whatever,6,i work with it most of the day,86,5,5,5,5,Chrome,Windows NT 10.0
33,3,2,3,8,7:34,45.02850342,-93.29889679,2,5,4,2,5,2,5,3,5,5,4,3,1,1,6,1,5,3,3,7,3,3,1,3,4,5,3,3,7,2,7,0,1,15,5,1,5,5,5,6,5,5,6,6,7,7,7,,1,9,10,8,10,8,5,8,0,,5,,65,10,5,1,5,5,5,6,3,6,5,6,6,5,6,6,2,7,10,5,7,10,3,2,0,,1,,10,1,5,2,1,Chrome,Android 8.0.0
34,2,2,1,8,7:14,36.10780334,-86.76899719,9,5,3,2,3,1,2,2,5,5,6,3,3,3,6,3,3,3,3,6,6,6,5,2,4,8,8,6,7,7,7,0,3,77,4,3,6,6,6,4,6,3,6,3,3,6,6,,1,9,9,7,5,8,9,7,0,,1,,11,8,1,5,5,5,5,5,5,5,5,5,4,4,4,4,3,5,5,5,5,5,5,5,0,,1,,0,5,3,1,3,Chrome,Android 6.0.1
35,3,2,1,8,7:41,41.603302,-87.75469971,0,4,5,5,5,5,4,3,5,4,3,5,5,6,4,3,4,5,1,5,1,5,1,3,7,8,6,1,7,5,3,0,1,0,2,5,4,3,4,6,3,4,6,3,2,1,5,,3,5,6,8,1,7,4,2,0,NA,1,,0,0,1,5,5,5,5,5,5,5,5,5,2,2,2,2,3,5,5,5,5,5,5,5,0,NA,1,,0,1,1,1,1,Chrome,Windows NT 10.0
36,2,1,5,5,6:42,29.55569458,-95.63349915,9,5,2,1,1,2,1,1,1,4,1,6,6,6,5,3,6,5,6,5,7,6,6,1,5,3,7,3,4,8,9,0,2,62,5,1,6,5,5,5,1,5,5,6,4,4,2,,4,4,3,8,3,5,3,5,1,,2,,25,8,5,1,6,5,5,4,5,5,6,5,7,4,6,5,2,6,4,10,6,3,8,5,0,,2,,11,4,4,4,3,Chrome,Windows NT 10.0
37,2,2,1,4,7:49,36.09860229,-95.92880249,10,5,1,1,2,2,3,2,3,3,1,5,3,3,6,1,1,5,3,6,6,7,6,2,8,9,10,6,9,6,7,8,4,62,4,1,6,4,6,6,1,3,6,3,5,5,6,,2,8,8,10,8,8,6,6,9,easy to reach out to people,2,,20,7,2,3,4,4,4,6,1,5,3,5,2,2,5,4,3,5,6,5,5,5,5,4,7,easy to message,1,,0,4,2,1,2,Chrome,Windows NT 6.1
38,3,1,1,4,6:27,39.9315033,-91.38400269,10,5,3,1,5,1,1,1,1,5,1,6,4,6,4,4,6,6,6,7,7,7,7,2,7,9,10,9,7,10,7,6,4,90,1,5,5,5,5,5,5,5,5,5,1,1,1,,3,1,1,1,1,1,1,1,1,,1,,0,0,1,5,5,5,5,5,5,5,5,5,1,1,1,1,3,1,1,1,1,1,1,1,1,,1,,0,5,1,1,5,Chrome,Windows NT 10.0
39,3,1,1,11,8:43,10.31669617,-72.3167038,4,3,2,3,2,3,2,2,4,5,3,3,3,3,3,4,3,3,1,3,3,3,3,4,2,7,3,5,2,5,8,0,3,27,2,1,5,1,5,3,3,1,4,3,3,4,2,,3,7,3,7,3,5,7,5,0,,3,,55,2,3,5,5,3,5,3,4,3,5,3,4,6,2,5,4,4,7,2,6,8,2,9,0,,4,,42,4,1,4,2,Chrome,Windows NT 6.1
40,3,1,1,8,8:14,43.043396,-87.89450073,0,4,5,5,5,5,5,5,5,4,6,1,1,1,6,1,4,1,1,6,2,1,1,4,5,8,2,4,9,5,1,0,2,4,4,3,3,1,3,6,3,3,4,3,6,5,5,,2,6,9,2,5,9,3,6,0,,5,,57,5,1,5,5,5,5,5,5,5,5,5,4,4,4,4,3,0,0,0,0,0,0,0,0,,1,,0,2,4,1,3,Chrome,Windows NT 10.0
41,2,2,1,8,8:33,26.69630432,-81.94290161,10,5,3,2,2,1,3,1,2,2,1,4,4,4,6,1,3,3,4,7,7,7,7,1,8,10,7,8,10,7,5,10,5,70,2,3,3,3,3,5,3,1,4,3,3,3,3,,4,5,5,4,7,7,7,3,0,,1,,2,4,1,5,5,5,5,5,5,5,5,5,1,1,1,1,3,0,0,0,0,0,0,0,0,,1,,0,5,1,1,1,Firefox,Windows NT 10.0
42,4,2,1,9,8:34,39.0223999,-94.31569672,3,5,2,3,3,2,3,1,1,1,3,6,6,6,4,6,3,6,4,5,6,6,5,1,7,6,7,7,7,7,7,1,5,39,4,4,6,6,6,4,4,4,6,5,5,5,5,,1,6,6,6,6,6,6,6,2,,2,,7,3,1,4,4,4,4,4,4,4,4,4,2,2,2,2,4,1,1,1,1,1,1,1,1,,1,,1,5,2,1,4,Chrome,Windows NT 10.0
43,3,1,5,8,8:35,33.89990234,-117.4404984,3,4,3,3,3,4,4,4,3,2,5,5,5,5,6,3,6,5,5,6,4,6,3,3,5,6,6,4,5,6,6,0,3,5,4,5,5,5,5,5,5,5,6,5,5,5,6,,3,5,6,5,4,6,4,6,0,,3,,15,5,1,5,5,5,5,5,5,5,5,5,1,1,4,4,3,1,1,1,1,1,1,1,1,,1,,0,3,3,1,5,Chrome,Windows NT 6.1
44,3,1,1,4,6:21,40.4066925,-80.1108017,6,5,2,2,5,1,2,2,3,5,4,4,4,4,6,1,5,5,5,6,6,5,5,3,6,7,3,3,6,5,5,6,3,70,5,1,5,6,6,6,1,4,5,5,6,6,6,,1,9,9,9,8,7,9,9,9,,4,,41,8,1,5,5,5,5,5,5,5,5,5,1,1,1,1,3,5,5,5,5,5,5,5,5,,1,,0,5,4,1,4,Chrome,CrOS armv7l 10718.88.2
45,5,2,1,9,8:16,40.78849792,-84.03359985,8,5,4,3,5,5,5,2,4,4,3,5,5,5,6,3,6,5,6,5,6,6,6,2,6,8,7,8,7,7,7,0,2,90,1,5,3,3,4,6,5,6,5,6,1,1,1,,3,4,2,1,2,1,1,1,0,,1,,0,1,1,5,4,4,4,5,4,6,5,5,1,1,1,1,3,0,0,0,0,0,0,0,0,,1,,0,5,1,1,1,Chrome,Windows NT 10.0
46,3,1,1,8,8:38,39.31610107,-76.57520294,3,5,5,2,5,2,4,2,5,3,6,4,4,4,6,1,5,4,3,6,3,3,2,3,7,7,6,1,6,5,5,5,2,20,5,3,4,4,4,6,1,5,5,5,6,6,4,,2,5,6,6,3,5,3,2,6,Connectivity,3,,70,6,1,5,5,5,5,5,5,5,5,5,1,1,4,4,3,0,0,0,0,0,0,0,0,n/a,1,,0,2,5,3,2,Chrome,Macintosh
47,3,2,1,9,7:54,36.09710693,-95.96269989,10,5,4,1,2,1,2,1,3,4,3,3,5,4,6,1,6,5,5,6,6,7,7,1,10,10,10,9,10,10,10,0,5,95,4,3,4,4,5,5,5,5,5,5,3,3,3,,3,8,5,5,5,4,1,0,0,,1,,3,5,4,5,5,5,4,5,5,5,5,5,4,4,4,4,3,3,10,0,5,0,0,0,0,,1,,2,5,3,2,2,Chrome,Linux x86_64
48,3,2,1,4,9:02,30.50349426,-88.14320374,8,5,4,4,4,2,4,1,1,4,5,3,5,3,6,5,6,5,3,5,6,6,5,2,3,5,2,3,9,6,7,0,5,70,5,5,1,4,4,5,3,3,3,3,6,6,5,,4,4,1,2,5,1,4,1,0,timeline,1,,5,5,4,6,1,1,1,1,1,1,1,1,4,1,1,1,4,0,0,0,0,0,0,0,0,,1,,0,5,2,3,1,Chrome,Windows NT 10.0
49,3,1,1,8,8:09,42.29240417,-85.69080353,7,5,5,2,5,2,2,1,5,5,3,4,5,3,6,1,6,6,5,5,5,6,2,3,3,2,5,1,8,10,6,0,3,78,4,4,6,4,3,3,1,6,6,5,3,3,2,,4,6,1,2,6,4,1,0,0,,1,,7,2,1,3,5,4,3,1,1,5,6,6,1,1,4,2,3,8,2,4,5,0,0,0,0,,1,,0,5,2,3,2,Chrome,Windows NT 10.0
50,5,2,1,8,8:38,0,0,3,5,5,2,5,5,5,3,2,1,3,1,3,1,6,1,4,3,1,6,6,5,1,3,8,9,5,0,10,9,7,0,4,96,2,5,1,1,1,3,1,5,5,5,1,1,1,,3,5,5,5,5,5,5,5,5,n/a,1,,0,0,2,6,1,1,1,6,1,6,1,5,1,1,1,1,3,5,5,5,5,5,5,5,5,n/a,1,,0,5,1,1,1,Firefox,Windows NT 6.1
51,4,1,1,7,8:30,44.45239258,-73.18409729,10,5,3,1,4,1,5,2,5,5,1,1,1,5,6,1,4,5,5,5,7,7,5,1,10,10,0,9,10,5,9,0,5,90,4,4,6,3,6,6,1,6,6,6,1,5,5,,3,10,10,10,5,10,5,10,0,,3,,10,7,1,6,6,1,1,1,1,6,1,6,1,1,1,1,4,0,10,0,8,0,0,0,0,,1,,0,5,3,1,3,Chrome,Windows NT 6.1
52,4,2,1,8,8:43,42.52160645,-83.16329956,7,5,3,3,4,3,3,2,3,1,3,5,5,5,6,4,5,5,5,6,6,6,5,3,4,6,5,3,7,6,7,0,3,50,4,3,5,5,5,5,4,4,6,5,5,5,6,,3,6,5,6,5,6,6,4,0,,1,,11,6,1,5,5,5,5,5,5,5,5,5,1,1,1,1,3,0,0,0,0,0,0,0,0,"I have never used this platform, so I have no idea",1,,0,5,3,1,5,Firefox,Macintosh
53,2,2,1,8,7:43,30.290802,-81.63300323,8,5,1,1,1,2,2,1,1,2,6,6,5,5,6,6,5,6,6,6,7,7,6,4,8,9,9,9,9,9,10,10,4,77,4,6,6,6,6,5,5,6,6,6,5,6,6,,5,9,9,9,9,9,9,9,10,,4,,82,10,4,6,6,6,5,5,6,6,6,5,6,6,5,5,4,8,9,10,10,10,10,10,10,,5,,80,5,4,5,5,Chrome,Windows NT 6.1
54,4,2,1,9,9:30,34.2868042,-118.6139984,10,5,3,2,5,2,1,1,5,5,3,6,4,6,3,1,4,6,5,6,6,7,6,1,9,10,9,6,10,9,8,8,3,65,4,3,4,6,6,3,1,3,6,5,5,5,6,,3,8,7,7,4,2,2,3,2,organization,1,,10,6,1,5,5,5,5,5,5,5,5,5,1,1,1,1,3,1,1,1,1,1,1,1,1,installation,1,,0,5,2,1,5,Chrome,Windows NT 10.0
55,2,2,5,5,8:52,33.74740601,-117.9938965,4,5,3,3,3,2,4,1,2,1,5,5,5,6,6,4,5,5,4,7,6,6,6,2,8,8,3,2,10,9,6,6,2,9,5,3,5,5,4,6,4,5,6,5,6,6,7,,1,10,10,8,8,8,6,4,5,Market business,2,,7,7,4,3,3,3,3,6,5,5,5,5,3,3,2,2,3,7,9,5,3,6,7,2,10,Chat,1,,2,3,4,2,2,Chrome,Macintosh
56,6,1,1,5,9:08,42.20930481,-70.93260193,4,5,1,3,1,5,1,4,4,3,3,4,1,5,5,1,4,5,3,4,7,7,5,2,9,9,8,4,6,10,2,0,4,73,2,5,4,4,4,5,4,4,4,3,1,1,1,,3,0,0,0,0,0,0,0,0,i don't use it,1,,0,0,1,4,1,1,1,1,1,1,1,1,1,1,1,1,3,1,0,0,0,0,0,0,0,i don't use it,1,,0,5,1,1,3,Chrome,Macintosh
57,2,1,1,5,5:25,30.09829712,-95.35700226,5,5,2,2,2,3,3,2,4,5,3,4,4,5,3,3,4,5,5,6,6,6,4,3,7,6,5,6,5,4,7,0,4,52,5,6,6,6,6,5,1,5,5,5,6,6,6,,2,8,7,8,6,7,7,7,0,,4,,61,7,1,5,5,5,5,5,5,5,5,5,2,1,1,4,3,3,1,4,2,4,3,3,0,,1,,1,4,5,1,1,Safari iPhone,iPhone
58,3,1,1,4,9:06,28.15109253,-82.46150208,10,5,1,1,3,1,1,1,3,5,1,5,5,1,6,1,4,6,6,6,7,5,5,1,5,10,10,5,10,10,8,0,5,85,2,1,6,4,6,3,6,1,6,3,5,3,6,,4,10,4,3,1,3,1,1,0,none,2,,10,5,4,6,1,3,1,6,1,6,3,6,5,5,6,5,2,5,7,8,5,3,2,2,0,none,1,,5,5,2,2,2,Chrome,Windows NT 10.0
59,3,1,1,4,8:01,47.63549805,-122.3235016,4,5,2,4,5,3,4,3,5,5,4,3,3,3,6,3,4,3,3,5,5,6,2,4,7,8,8,1,8,7,2,0,2,10,5,3,6,6,4,4,3,5,6,6,6,6,7,,2,8,9,6,6,8,3,5,0,,4,,40,8,2,6,3,4,3,6,3,6,3,4,2,2,5,2,3,5,7,4,5,8,5,3,0,,1,,5,1,4,1,5,Chrome,Windows NT 10.0
60,3,1,1,9,9:00,37.75100708,-97.8219986,7,4,3,4,4,3,2,3,4,1,6,5,4,5,4,5,5,6,5,4,5,6,5,3,6,7,7,6,5,6,6,5,2,75,4,5,6,5,6,5,6,5,6,5,6,5,5,,4,5,6,4,6,5,5,5,5,,2,,64,6,4,6,6,6,6,6,6,6,6,6,6,5,5,6,4,6,5,7,8,6,8,7,6,,2,,65,4,5,4,5,Chrome,Windows NT 6.1
61,3,1,3,8,10:20,25.7631073,-80.19110107,8,5,1,1,2,3,2,1,2,4,6,4,6,4,6,5,6,5,6,5,7,6,7,1,8,9,10,8,9,8,9,8,3,91,4,6,5,5,6,4,6,5,6,5,7,6,7,,2,8,9,8,9,8,9,8,9,look,4,,70,8,5,6,6,5,6,5,4,5,6,5,6,6,5,6,1,8,9,8,9,8,9,7,9,feedback,5,,88,5,4,4,5,Chrome,Windows NT 10.0
62,6,2,1,8,9:41,34.28529358,-92.14859772,10,5,1,1,2,1,3,1,5,4,5,4,5,4,6,5,5,5,5,7,7,6,6,1,0,10,7,3,10,10,10,0,5,80,4,5,4,5,5,5,5,5,5,5,4,5,4,,3,0,10,10,5,10,5,5,0,,2,,11,10,1,5,5,5,5,5,5,5,5,5,1,1,1,1,3,0,0,0,0,0,0,0,0,,1,,59,5,4,1,3,Safari iPad,iPad
63,2,1,1,9,9:20,40.55990601,-115.6155014,8,5,5,3,3,1,3,2,1,3,3,3,3,3,6,1,3,3,3,7,7,7,3,1,8,9,6,1,9,8,4,5,6,91,4,6,3,1,1,6,1,6,5,5,3,2,1,,4,3,2,1,1,9,0,1,0,Non-mobile use,1,,2,2,4,6,3,3,3,6,1,6,3,5,2,1,1,1,4,2,8,0,6,0,0,0,0,Easy to share gifs,1,,1,5,1,1,2,Chrome,Windows NT 10.0
64,6,2,1,7,9:12,45.52879333,-122.3590012,7,5,3,3,4,1,2,1,4,5,1,6,6,6,6,3,5,6,6,7,7,7,6,1,10,10,10,5,9,9,8,9,6,81,1,5,5,5,5,5,5,5,5,5,1,1,4,,4,0,0,0,0,0,0,0,0,Don't use,1,,1,0,5,1,5,5,5,6,3,6,5,6,4,6,4,4,3,8,9,7,8,8,5,1,7,Works well,2,,20,5,1,1,1,Safari iPad,iPad
65,3,1,5,8,7:22,40.28300476,-74.62169647,6,5,3,3,3,2,2,2,3,5,3,6,6,6,6,3,6,6,5,6,6,6,6,3,6,7,6,3,6,6,6,0,1,56,4,4,6,6,6,5,5,5,5,5,4,4,4,,3,6,5,5,5,5,5,5,0,n/a,1,,22,6,4,3,5,5,5,5,5,5,5,5,5,5,5,5,3,4,5,5,3,6,4,5,0,n/a,1,,28,4,4,4,2,Chrome,Windows NT 6.1
66,3,1,1,7,10:07,43.89880371,-69.97250366,3,5,2,2,5,1,2,1,5,1,6,3,1,1,6,1,3,1,5,7,3,1,1,5,1,3,3,9,10,9,9,8,1,10,5,1,6,5,5,5,1,1,6,6,7,7,7,,1,10,10,10,8,10,10,10,10,Always changing,3,,90,10,2,4,1,1,6,3,5,3,3,1,2,2,5,2,3,6,6,8,10,8,6,6,10,Cheap,1,,1,2,5,1,2,Chrome,Windows NT 10.0
67,3,1,3,8,8:00,28.53109741,-80.85230255,10,5,4,1,4,3,3,1,4,4,1,6,6,6,5,1,5,1,6,6,7,7,7,1,10,10,10,10,10,10,10,0,5,76,5,1,6,5,5,1,1,5,6,5,7,7,7,,1,10,10,10,10,10,10,10,0,,4,,24,10,1,5,5,5,5,5,5,5,5,5,1,1,4,1,3,0,0,0,0,0,0,0,0,,1,,0,5,4,1,3,Chrome,Android 6.0.1
68,3,2,1,5,10:12,42.33180237,-83.3710022,9,5,3,1,3,1,1,1,5,1,5,5,5,6,6,3,3,3,4,7,7,7,7,2,7,8,7,9,10,7,7,1,4,82,4,4,6,6,6,4,5,4,6,6,5,7,7,,2,9,8,5,9,2,2,6,0,Na,4,,14,7,1,1,1,1,1,1,1,1,1,1,1,1,1,1,5,0,0,0,0,0,0,0,0,Na,1,,0,5,5,1,4,Safari iPad,iPad
69,3,2,1,11,9:35,10.31669617,-72.3167038,9,5,1,1,1,1,1,1,1,1,6,6,6,6,6,6,6,6,6,7,7,7,7,1,4,4,6,4,5,5,5,0,5,92,5,6,6,6,6,6,6,6,6,6,7,7,7,,1,9,10,8,8,10,9,9,0,,5,,93,9,5,6,6,6,6,6,6,6,6,6,7,7,7,7,2,9,9,9,10,9,10,10,10,,5,,93,5,5,5,3,Chrome,Windows NT 6.1
70,4,1,1,8,10:09,40.76179504,-73.32929993,0,5,5,5,5,5,4,3,3,5,6,1,1,1,6,1,5,3,1,6,2,6,1,5,2,6,0,0,2,0,0,10,1,5,5,1,5,4,5,6,3,5,6,5,6,7,7,,3,8,8,6,3,7,0,8,0,,3,,30,6,1,5,5,5,5,5,5,5,5,5,1,1,1,1,3,0,0,0,0,0,0,0,0,,1,,0,1,2,3,5,Firefox,Macintosh
71,3,2,1,8,7:45,40.79100037,-73.92559814,10,5,1,2,4,3,5,2,5,5,1,1,1,1,6,1,6,1,6,6,6,6,4,2,7,5,3,8,9,10,1,0,3,80,5,1,1,4,5,6,1,3,6,6,7,7,7,,2,10,6,3,7,10,6,10,0,,1,,10,10,5,1,3,3,3,6,1,6,4,6,7,7,7,7,2,5,9,1,8,8,8,0,0,,1,,5,5,3,4,1,Chrome,Windows NT 10.0
72,3,2,2,9,10:38,25.70140076,-80.35820007,10,5,3,1,3,1,3,3,3,5,1,3,3,6,6,1,6,3,6,7,7,7,7,1,10,10,7,10,10,10,10,10,6,80,5,1,6,1,6,1,1,6,6,1,6,7,7,,1,10,10,4,10,4,7,6,10,fun,5,,15,10,4,6,1,6,1,6,1,6,1,1,5,5,7,7,3,10,10,3,10,10,10,1,10,Useful,1,,1,5,5,1,4,Chrome,Macintosh
73,3,1,1,10,9:55,40.77619934,-73.95480347,1,5,5,5,5,5,3,3,5,5,6,3,3,4,6,1,4,4,3,6,5,2,1,4,6,5,1,0,6,1,1,0,1,10,5,3,6,5,6,5,3,3,6,3,6,7,7,,1,9,7,9,5,9,7,7,0,NA,4,,75,9,4,4,4,3,3,6,3,3,4,3,5,5,2,2,3,7,2,2,1,0,1,0,0,NA,1,,0,1,5,1,4,Safari iPhone,iPhone
74,2,1,1,4,8:33,41.77589417,-72.52149963,10,5,1,1,1,1,1,1,2,1,1,6,6,6,1,1,5,6,6,6,7,7,7,1,9,10,9,10,10,10,10,10,5,55,5,1,6,6,6,1,1,3,6,6,6,7,7,,1,10,10,9,7,10,10,5,10,Enjoyable,3,,20,10,5,1,5,5,5,1,1,5,5,6,6,7,7,7,1,10,10,8,9,10,10,10,10,Enjoyable,1,,5,5,4,3,4,Chrome,Windows NT 10.0
75,5,2,1,8,11:02,45.67410278,-122.4714966,5,4,2,2,3,1,1,1,5,1,4,3,4,6,6,3,6,5,5,3,5,5,3,3,6,5,6,4,5,9,5,5,4,90,3,3,5,3,4,6,3,6,6,5,1,1,4,,3,0,6,0,0,0,8,0,0,don't use,1,,2,5,1,5,5,5,5,5,5,5,5,5,4,4,4,4,3,0,0,0,0,0,0,0,0,don't use,1,,0,5,3,1,1,Chrome,Windows NT 10.0
76,3,2,1,5,6:16,25.78059387,-80.18260193,7,5,4,4,4,3,3,2,2,4,6,5,5,5,5,4,4,4,4,7,6,6,4,2,6,5,6,6,8,7,5,2,2,60,5,5,5,6,5,5,5,4,4,4,7,6,6,,2,8,7,9,6,7,7,8,8,,3,,81,6,5,6,6,6,5,5,5,5,6,6,7,6,6,5,1,7,9,9,9,8,9,9,9,,5,,71,5,4,5,5,Chrome,Windows NT 6.1
77,3,1,1,8,10:15,33.50799561,-112.1253967,5,5,5,2,4,2,4,2,2,2,4,4,3,5,5,4,4,3,3,5,4,3,3,4,2,6,3,1,5,3,1,5,4,22,5,5,6,5,6,5,5,5,6,6,4,5,5,,2,6,7,4,3,1,9,5,1,NA,5,,63,5,1,5,5,5,5,5,5,5,5,5,4,4,4,4,3,0,0,0,0,0,0,0,0,,1,,0,4,5,1,2,Firefox,Windows NT 10.0
78,3,1,1,10,10:14,29.7203064,-95.31390381,7,5,3,1,5,5,5,3,5,1,3,1,1,1,1,1,1,1,1,7,5,4,4,3,5,5,4,0,5,7,3,8,5,90,5,3,4,3,3,3,1,5,6,3,7,4,5,,3,6,7,2,0,6,0,0,0,,2,,10,2,5,3,1,1,1,1,1,1,1,1,7,5,3,3,4,3,1,0,9,0,0,0,0,,5,,10,5,4,4,1,Chrome,Windows NT 6.1
79,3,1,1,9,8:45,42.63389587,-71.29570007,2,1,4,4,3,3,2,2,5,2,3,4,5,5,5,1,3,5,5,6,6,6,3,2,5,8,6,1,9,9,9,5,3,21,4,6,5,5,4,4,3,3,3,3,3,2,2,,4,4,2,2,2,2,2,2,1,enjoyable,1,,0,0,1,6,3,3,3,3,3,3,3,3,1,1,1,1,5,0,0,0,0,0,0,0,0,enjoyment,1,,0,4,1,1,5,Chrome,Windows NT 10.0
80,2,1,1,8,8:40,34.62480164,-112.4219971,2,4,5,2,5,5,4,3,5,5,4,3,3,3,5,3,3,6,5,5,5,6,2,3,5,7,8,7,8,9,3,0,1,5,1,5,5,5,5,5,5,5,5,5,2,2,2,,3,0,0,0,0,0,0,0,0,,1,,0,5,1,5,5,5,5,5,5,5,5,5,2,2,2,4,3,0,0,0,0,0,0,0,0,,1,,0,2,1,1,1,Chrome,Windows NT 10.0
81,2,2,1,8,10:27,38.77009583,-77.63210297,10,5,1,1,1,1,1,1,1,4,3,5,5,5,5,3,6,6,6,6,2,6,6,1,9,10,10,8,9,10,10,6,5,50,5,3,5,5,5,5,4,5,5,5,6,4,5,,2,7,7,7,7,7,7,7,7,security,3,,26,7,5,1,6,6,6,6,3,6,6,6,7,2,7,7,1,10,10,10,10,10,10,10,10,total communication,6,,100,5,5,5,3,Chrome,Windows NT 6.1
82,4,2,1,8,11:35,41.49729919,-81.4713974,0,5,5,3,5,5,5,3,5,3,6,1,1,1,6,1,1,1,1,6,1,1,1,3,3,4,3,0,4,4,1,4,1,10,5,3,6,1,3,4,1,1,5,3,6,5,6,,1,8,8,6,4,3,3,3,6,Useful,2,,40,6,1,5,3,1,1,4,1,1,1,1,1,1,2,1,3,0,0,0,0,0,0,0,0,Fun to use,1,,0,2,5,1,5,Chrome,Windows NT 10.0
83,4,2,1,6,9:54,45.3217926,-122.5231018,0,4,5,5,5,3,5,5,5,5,3,3,3,3,6,3,5,3,1,5,3,4,2,3,2,5,4,0,4,10,2,0,1,5,1,3,6,3,3,5,3,3,6,1,1,2,6,,3,7,3,9,2,10,4,0,0,,1,,0,0,1,3,3,3,3,6,3,3,3,1,1,2,6,4,3,4,5,1,10,3,0,7,0,,1,,0,1,1,1,5,Chrome,Windows NT 10.0
84,2,1,1,8,10:30,29.73950195,-95.38790131,9,5,2,2,3,1,4,1,5,2,1,6,5,5,3,1,5,6,5,6,6,6,7,2,8,9,9,8,10,7,8,8,5,66,5,1,6,4,4,3,1,5,5,5,6,6,7,,3,7,8,7,9,2,3,6,3,Clutter,4,,13,8,4,1,5,5,6,3,1,5,4,5,5,6,6,6,3,8,9,5,10,4,2,2,9,Speed,3,,5,5,4,3,4,Chrome,Macintosh
85,3,1,2,8,8:49,26.21589661,-98.32530212,0,4,5,4,5,5,5,5,4,5,3,4,4,4,5,4,5,4,4,4,2,5,1,3,5,6,6,0,7,6,1,0,1,1,3,5,5,4,4,5,4,4,4,4,3,1,4,,3,5,6,4,1,7,5,3,1,video chat,1,,0,0,4,5,4,4,4,5,3,5,4,4,5,3,4,2,3,4,7,4,2,3,3,1,3,calls,1,,1,1,1,1,1,Chrome,Windows NT 6.1
86,5,2,1,4,11:45,34.15390015,-117.9918976,7,5,3,2,4,2,1,1,5,1,3,5,5,6,6,5,4,6,4,6,6,7,5,2,8,9,8,4,8,7,8,0,5,70,4,3,6,6,6,5,6,4,6,6,5,6,5,,3,6,5,6,5,6,5,6,0,NA,2,,14,6,2,5,4,4,4,5,4,6,5,5,1,1,2,1,3,5,4,5,4,5,4,5,0,NA,1,,0,5,2,1,2,Firefox,Macintosh
87,2,2,1,8,5:28,42.01060486,-87.66860199,0,5,5,3,4,5,4,1,5,5,5,5,5,5,5,5,5,5,1,6,2,6,2,3,7,7,6,0,6,6,6,0,1,0,5,1,6,5,6,6,1,6,6,5,6,6,6,,2,7,9,8,8,7,10,3,0,,3,,66,8,1,5,5,5,5,5,5,5,5,5,4,4,4,4,3,0,0,0,0,0,0,0,0,,1,,0,1,5,1,1,Chrome,Windows NT 10.0
88,3,1,1,8,4:47,37.27220154,-121.8435974,8,5,1,1,1,2,2,2,3,2,1,5,6,5,6,1,4,4,4,7,7,6,6,2,8,7,8,8,7,8,7,0,4,76,5,1,6,5,5,6,6,6,6,5,7,7,4,,2,7,7,7,7,4,7,7,0,na,3,,23,9,1,1,1,1,1,3,1,1,1,1,1,1,1,1,3,3,3,3,3,3,4,2,1,na,1,,0,1,4,1,5,Chrome,Windows NT 10.0
89,2,2,1,5,10:47,41.15319824,-85.48100281,10,5,2,2,5,2,3,1,2,1,1,6,6,6,3,1,3,6,6,7,7,7,7,1,10,10,8,5,10,10,10,10,5,100,1,5,5,5,5,5,5,5,5,5,1,1,4,,3,5,5,5,5,5,5,5,5,Not applicable,1,,0,5,1,5,5,5,5,5,5,5,5,5,1,1,4,4,3,5,5,5,5,5,5,5,5,N/A,1,,0,5,1,1,1,Chrome,Windows NT 10.0
90,3,2,5,7,7:52,26.36520386,127.758606,0,5,5,2,5,1,3,1,1,5,3,1,1,1,3,6,1,1,1,3,1,1,1,5,3,10,1,1,10,10,1,6,1,9,5,1,4,1,1,1,1,1,6,6,7,7,7,,4,6,6,8,10,10,10,10,7,fun,3,,51,10,1,6,1,1,1,1,1,1,1,1,1,1,1,1,5,0,0,1,1,0,1,1,1,never used,1,,9,2,4,1,4,Chrome,Macintosh
91,3,2,1,4,4:38,39.61720276,-75.86779785,5,5,2,2,1,1,5,3,5,5,3,4,1,3,5,1,4,5,5,6,6,6,4,3,8,9,2,3,8,3,7,0,4,80,5,3,6,6,6,4,5,3,5,3,6,7,7,,2,10,9,8,7,10,1,4,0,,3,,20,5,1,5,5,5,5,5,5,5,5,5,2,2,2,2,3,2,1,1,6,1,1,1,0,,1,,0,5,4,1,2,Chrome,Macintosh
92,2,1,1,8,10:45,40.76269531,-73.3227005,8,5,3,3,3,3,5,5,5,4,3,3,1,1,6,1,6,4,5,7,6,6,3,3,8,9,2,4,9,8,5,0,3,25,5,3,1,3,1,6,1,4,5,4,6,6,6,,2,9,10,2,5,9,9,5,0,,4,,70,9,2,3,1,1,1,6,3,4,3,4,3,5,5,2,3,5,8,2,5,8,5,5,0,n/a,1,,0,4,4,1,1,Chrome,Macintosh
93,4,2,4,5,12:34,40.86849976,-73.83940125,3,5,5,3,5,1,3,4,5,5,5,6,4,3,5,3,5,6,5,5,5,4,3,3,6,10,5,2,9,3,2,0,4,98,1,3,5,4,5,6,5,6,4,5,1,2,3,,3,4,7,5,8,6,2,2,0,,1,,18,0,1,4,5,6,4,5,3,4,6,5,1,2,5,3,3,2,8,5,4,6,2,1,0,,1,,2,5,1,1,2,Chrome,Windows NT 6.1
94,5,2,1,8,11:35,48.18530273,-121.6777954,6,5,4,1,4,1,1,1,1,1,3,4,1,4,5,5,5,4,3,5,5,6,2,3,4,9,7,3,9,9,5,2,4,40,2,5,6,5,5,5,5,5,5,5,2,2,5,,2,7,3,8,5,5,5,2,1,,1,,5,1,4,3,5,5,6,4,1,5,6,5,3,5,6,6,1,8,8,5,9,9,3,5,0,,2,,10,4,2,2,2,Chrome,Windows NT 10.0
95,6,2,1,8,11:46,41.61230469,-86.13809967,10,5,2,1,4,3,2,1,5,5,5,4,4,4,4,3,3,5,3,6,6,5,4,3,8,8,7,6,10,5,9,5,5,99,1,3,3,3,3,3,3,3,3,3,1,1,4,,3,0,0,0,0,0,0,0,0,,1,,0,0,1,5,5,5,5,5,5,5,5,5,1,1,1,1,3,0,0,0,0,0,0,0,0,,1,,0,5,1,1,1,Chrome,Windows NT 10.0
96,3,2,3,8,12:22,29.79629517,-95.3266983,5,5,5,2,5,2,3,3,4,5,3,4,3,3,6,1,1,3,1,7,7,5,2,3,7,9,7,2,9,10,3,9,4,20,5,4,5,3,3,5,1,1,6,1,7,7,7,,3,8,8,2,5,8,8,1,6,browsing,3,,31,7,5,5,4,4,4,6,1,6,3,6,5,7,7,5,3,7,6,5,3,7,6,2,6,calls,1,,4,2,4,2,5,Chrome,Windows NT 10.0
97,2,1,1,5,7:49,36.41540527,-83.70659637,8,5,3,2,4,3,3,1,2,1,3,6,6,6,6,1,5,6,6,6,7,6,6,1,7,8,7,4,8,8,8,7,5,75,3,4,5,5,5,6,3,5,6,5,2,3,3,,3,5,5,5,4,7,5,5,7,Keep up with friends,1,,5,5,1,5,5,5,5,5,5,5,5,5,4,4,4,4,3,5,5,5,5,5,5,5,8,Talking with friends,1,,0,5,2,1,4,Chrome,Android 7.0
98,3,1,1,8,9:12,36.63549805,-88.28299713,0,5,5,4,5,3,5,3,5,3,3,1,3,3,6,1,4,1,1,5,6,5,1,4,4,5,1,0,8,4,1,1,1,80,1,3,4,5,5,3,1,3,6,4,1,1,1,,3,7,7,5,2,5,4,0,4,Interface Responsiveness,1,,0,0,1,3,4,3,3,1,1,4,5,3,1,1,1,1,4,3,4,3,5,3,2,1,3,Interface Responsiveness,1,,0,4,1,1,2,Firefox,Ubuntu
99,3,1,1,8,13:01,40.7644043,-74.18789673,9,5,3,2,4,1,1,1,2,5,4,3,1,1,3,4,3,3,1,5,5,6,6,2,6,8,5,5,6,8,6,0,2,62,5,1,6,6,6,5,3,5,6,5,5,5,6,,1,7,9,6,6,7,6,6,0,,3,,77,8,4,1,6,5,5,5,6,5,6,5,5,5,4,5,2,6,6,6,7,7,6,7,0,,5,,58,4,5,4,1,Chrome,Windows NT 10.0
100,2,2,2,7,10:25,36.16900635,-94.45639801,0,5,5,5,5,5,5,1,5,5,5,5,5,5,5,5,5,5,5,4,5,3,1,3,2,1,2,2,2,2,2,0,1,5,5,5,5,5,5,5,5,5,5,5,4,5,5,,3,5,5,5,4,4,4,4,0,,4,,80,6,3,5,5,5,5,5,5,5,5,5,4,4,4,4,3,3,1,3,3,2,3,2,2,,1,,0,1,4,1,4,Chrome,Windows NT 6.1
101,3,1,1,8,12:30,42.73350525,-87.87319946,7,5,2,2,3,3,3,1,5,1,3,6,6,6,6,1,6,6,6,6,6,6,6,3,7,9,6,5,8,9,7,6,4,30,5,1,6,6,6,5,1,5,6,6,7,7,7,,1,9,10,10,8,9,8,7,8,photos ,5,,54,10,1,1,6,6,6,5,1,5,6,6,1,1,5,5,3,5,5,5,5,5,5,5,5,none ,1,,1,4,5,1,2,Safari,Macintosh
102,2,1,3,5,10:00,33.62219238,-84.52310181,6,5,3,3,3,2,3,2,3,5,3,3,4,3,3,3,1,4,1,5,5,3,1,4,4,4,2,1,3,1,4,0,1,20,4,3,6,6,6,4,3,4,5,5,5,5,5,,2,7,7,4,1,2,2,3,0,,1,,37,7,5,4,6,6,6,6,4,6,6,3,6,6,6,6,2,4,6,5,3,2,3,6,0,,2,,32,1,4,4,4,Chrome,Windows NT 10.0
103,4,2,3,9,12:45,38.83779907,-77.00090027,9,5,3,1,3,2,1,1,5,2,4,4,5,6,5,3,3,6,5,6,7,7,6,2,8,9,9,6,9,10,9,6,5,61,5,4,5,5,6,5,3,4,5,5,5,7,6,,3,8,10,8,7,9,10,9,6,transparency,4,,40,9,4,5,6,5,6,5,3,5,6,5,5,6,5,5,2,8,9,8,8,9,10,6,8,transparency,2,,11,5,5,2,2,Chrome,Windows NT 10.0
104,3,1,1,9,10:11,40.72140503,-74.00520325,8,5,2,1,1,2,2,2,2,5,6,5,5,4,5,5,6,5,6,6,5,5,6,2,9,10,8,9,8,10,6,0,4,50,5,6,6,6,6,6,6,6,6,6,7,7,7,,1,10,10,10,10,10,10,10,0,,5,,100,10,5,6,6,6,6,6,6,6,6,6,7,7,7,7,1,10,10,10,10,10,10,10,0,,6,12,100,5,5,5,1,Chrome,Windows NT 6.1
105,3,1,1,8,13:39,38.77009583,-77.63210297,7,5,3,4,5,3,2,2,2,3,6,5,5,5,6,1,6,5,6,4,5,4,5,3,6,7,6,5,6,6,7,4,3,60,5,4,4,5,6,3,4,3,4,4,2,3,3,,3,6,7,6,8,7,8,7,5,very good,3,,51,7,5,3,4,5,6,5,4,5,4,4,4,4,4,4,2,7,8,7,8,7,7,7,5,very good app,5,,65,3,3,3,4,Chrome,Windows NT 6.1
106,3,1,1,5,9:33,43.87660217,-95.12770081,0,5,5,5,5,3,4,2,5,5,5,3,3,1,6,1,4,3,4,5,4,5,2,3,3,6,3,2,6,5,1,5,1,4,2,4,5,5,4,5,3,4,6,5,2,1,5,,2,7,7,8,4,9,1,1,5,,1,,0,0,1,5,5,5,5,5,5,5,5,5,2,2,4,2,3,5,6,5,7,6,0,3,5,,1,,0,3,1,1,5,Chrome,Macintosh
107,3,2,1,8,14:23,45.52340698,-122.6762009,0,5,5,2,4,1,2,1,5,2,6,5,4,4,6,4,5,4,3,5,5,4,3,3,7,7,8,2,8,6,5,7,4,60,5,3,6,5,5,6,3,5,5,5,6,6,5,,2,8,9,6,5,9,8,6,1,Easy to plan event,4,,30,8,1,5,5,5,5,5,5,5,5,5,1,2,4,4,3,5,5,5,5,5,5,5,5,Easy to plan event,1,,0,4,5,1,1,Chrome,Windows NT 6.1
108,5,1,1,9,10:20,29.86880493,-95.53800201,5,5,2,2,2,5,3,3,2,4,6,4,4,4,6,3,6,3,5,6,3,6,3,4,5,7,7,5,7,7,5,5,2,10,3,6,3,3,3,4,3,5,5,5,2,2,5,,3,5,5,5,5,5,5,5,5,n/a,1,,0,0,1,5,5,5,5,5,5,5,5,5,4,4,4,4,3,5,5,5,5,5,5,5,5,,1,,0,2,1,1,5,Chrome,Windows NT 6.1
109,3,1,1,4,6:29,29.98219299,-95.17759705,5,5,3,1,5,1,1,1,1,4,4,1,1,1,6,1,6,1,4,6,6,4,4,4,1,9,8,5,9,9,9,0,4,23,2,1,6,5,5,6,1,5,6,6,5,5,5,,1,10,10,9,9,9,1,10,0,,2,,7,9,1,5,5,5,5,5,5,5,5,5,1,1,1,1,3,7,0,0,0,0,0,0,0,,1,,0,4,3,1,5,Chrome,Windows NT 10.0
110,4,2,3,8,13:06,43.06219482,-76.13790131,8,5,3,1,3,2,3,1,1,1,1,4,6,6,6,5,4,6,6,6,5,6,5,1,8,8,7,6,9,9,7,0,5,40,4,4,6,6,6,6,5,4,6,6,5,6,5,,2,8,6,6,4,8,8,7,0,NA,4,,20,10,1,5,5,5,5,5,5,5,5,5,1,2,2,4,3,5,5,5,5,5,5,5,0,NA,1,,0,4,2,1,4,Chrome,Windows NT 6.3
111,2,1,1,7,3:34,38.58309937,-121.4920959,4,3,2,2,2,3,2,2,2,4,4,3,3,4,3,6,3,6,1,3,3,3,4,2,4,3,8,3,8,4,6,0,2,36,3,5,4,3,3,5,5,6,3,4,2,3,2,,4,5,6,2,3,8,4,4,0,,2,,29,3,5,6,6,4,4,4,4,3,4,4,3,2,3,3,3,8,6,2,3,7,4,10,0,,1,,44,2,3,2,2,Chrome,Windows NT 10.0
112,4,1,1,8,7:59,35.0440979,-106.8904037,6,5,2,1,2,3,1,1,3,4,3,4,3,3,5,1,4,5,4,7,5,5,4,2,6,8,9,1,9,9,8,0,4,81,5,3,5,5,5,5,1,4,5,5,7,6,6,,2,8,9,9,5,9,3,5,1,,3,,20,8,1,5,5,5,5,5,5,5,5,5,4,4,4,4,3,5,5,5,5,5,5,5,5,,1,,0,5,4,1,2,Chrome,CrOS x86_64 10718.88.2
113,3,2,5,7,5:13,39.08979797,-77.06109619,0,5,5,5,5,2,2,2,5,5,5,5,5,5,5,5,5,5,5,2,6,6,2,5,7,7,7,6,7,7,6,0,2,34,5,5,5,5,5,5,5,5,5,5,2,6,6,,5,7,8,7,6,7,7,7,0,None.,3,,69,0,1,5,5,5,5,5,5,5,5,5,4,4,4,4,3,7,7,7,7,7,7,7,0,None.,1,,0,2,4,1,2,Firefox,Windows NT 6.1
114,4,2,1,8,14:49,34.040802,-84.16649628,7,5,1,1,1,1,2,1,2,1,3,4,4,4,6,1,6,5,5,6,6,6,5,2,2,8,6,5,7,4,6,7,4,70,4,4,3,3,4,5,4,6,3,3,5,5,3,,3,2,5,6,4,6,2,6,5,Following Groups,2,,10,4,3,6,3,3,3,5,3,6,3,5,3,3,2,4,4,1,4,4,6,5,3,5,7,Messaging,1,,2,5,4,1,2,Firefox,Windows NT 10.0
115,3,1,1,7,11:56,35.68760681,-77.16609955,0,5,5,5,5,3,5,5,3,5,3,1,1,3,6,1,4,3,1,6,6,5,1,3,2,3,1,2,4,1,1,0,1,2,1,3,3,6,3,5,1,5,3,3,2,2,4,,3,1,3,1,1,3,1,0,4,Trustworthiness,1,,0,0,1,3,3,3,3,6,3,5,3,4,1,1,4,2,3,2,3,1,1,2,1,4,1,Trustworthiness,1,,0,2,1,1,2,Chrome,Windows NT 6.1
116,5,2,1,6,14:34,41.14819336,-81.47360229,1,5,5,1,3,1,3,2,5,2,5,4,3,3,6,5,5,4,5,5,4,3,4,4,3,6,5,0,1,7,3,0,2,15,1,5,5,5,5,5,5,5,5,5,1,2,5,,3,0,0,0,0,0,0,0,0,NA,1,,0,0,1,5,5,5,5,5,5,5,5,5,1,1,4,4,3,0,0,0,0,0,0,0,0,NA,1,,0,4,2,1,5,Chrome,Android 7.1.1
117,5,1,1,8,10:20,19.3302002,100.2496948,1,5,2,2,2,2,1,1,5,1,6,3,3,4,4,5,5,3,1,6,6,6,6,3,6,5,6,1,8,8,3,0,4,14,5,3,6,6,6,3,3,3,6,6,6,6,6,,2,8,9,9,9,9,9,10,0,na,5,,52,7,5,3,6,6,6,3,3,3,6,6,6,6,6,6,3,7,7,8,7,8,8,7,0,na,4,,29,2,2,2,4,Firefox,Linux x86_64
118,3,1,3,4,13:07,36.1882019,-94.23729706,8,5,3,2,3,3,3,2,1,4,3,5,5,5,6,4,6,5,6,6,6,5,5,2,7,9,8,6,9,7,7,0,5,65,4,3,5,5,4,6,3,6,5,6,5,6,4,,3,7,8,7,7,8,7,7,0,n/a,3,,25,7,4,3,5,5,4,6,3,6,5,6,4,4,4,4,3,6,7,6,7,7,5,5,0,n/a,1,,5,4,1,1,2,Chrome,Windows NT 10.0
119,5,1,1,4,12:10,33.2507019,-86.9210968,4,4,5,5,5,3,3,3,4,3,1,3,4,6,6,1,4,3,6,5,5,7,3,4,7,10,9,2,10,9,7,7,1,10,2,3,6,6,6,4,1,4,6,6,2,4,6,,3,6,7,9,3,9,5,2,9,Easy to express yourself,1,,0,1,1,5,5,5,5,6,5,5,5,5,1,1,5,4,3,0,0,0,0,0,0,0,0,Knowing others who use it,1,,0,2,1,1,1,Chrome,Windows NT 10.0
120,3,2,1,9,14:56,35.07679749,-82.43609619,6,5,5,2,3,5,3,2,5,1,5,4,3,5,6,4,5,4,1,6,6,6,2,3,6,9,3,0,10,6,5,10,2,44,4,4,6,4,5,4,4,4,6,5,3,5,6,,3,9,7,8,2,10,1,0,10,To advance survey,1,,3,1,1,6,5,4,4,5,5,5,4,5,1,1,1,4,3,5,5,5,5,5,5,5,5,survey advancing,1,,0,5,2,1,5,Chrome,CrOS x86_64 10575.58.0
121,3,1,1,9,15:14,40.71279907,-73.29620361,8,5,3,1,3,2,3,3,5,4,5,5,4,1,5,1,6,4,4,7,5,6,4,1,7,9,8,2,8,8,9,5,5,96,1,6,3,3,3,4,1,3,3,3,1,1,1,,3,8,8,8,2,8,7,5,5,,1,,3,1,5,3,6,6,4,6,1,5,5,5,4,6,6,6,3,8,8,8,2,6,5,5,5,,2,,4,5,1,2,2,Chrome,Android 7.0
122,3,1,3,9,5:54,40.7322998,-74.07540131,9,5,1,2,1,2,3,1,2,1,6,6,6,6,6,6,6,6,6,7,6,7,6,4,10,9,9,9,9,9,9,9,4,91,5,6,5,4,6,6,6,6,5,6,7,7,7,,5,10,10,10,10,9,9,9,9,,3,,94,9,5,6,6,6,1,6,6,6,6,6,7,7,7,7,5,9,10,9,9,9,9,9,9,,4,,96,5,5,5,5,Chrome,Windows NT 6.3
123,5,1,1,5,15:48,34.99650574,-82.3286972,8,5,3,2,3,1,4,4,5,4,5,3,4,4,5,5,4,5,4,6,6,6,4,2,3,6,5,1,9,5,7,0,4,90,4,4,5,5,5,5,4,5,5,5,3,3,5,,3,1,2,1,1,5,0,5,0,none,1,,2,5,1,5,5,5,5,5,5,5,5,5,1,1,4,1,3,0,0,0,0,0,0,0,0,none,1,,0,5,3,1,2,Chrome,Windows NT 10.0
124,2,1,5,8,14:28,40.89630127,-74.15129852,6,5,5,2,4,2,4,2,3,5,1,5,5,6,5,1,5,5,5,7,7,6,5,3,6,10,6,5,10,6,5,0,2,35,5,1,6,5,6,4,1,5,6,5,7,7,7,,1,8,10,7,6,10,6,8,0,N/A,4,,55,10,1,5,5,5,5,5,5,5,5,5,1,1,1,4,3,5,6,5,5,5,5,0,0,,1,,0,3,5,1,2,Chrome,Windows NT 10.0
125,2,1,1,8,15:20,40.52999878,-74.22059631,8,5,3,2,3,5,3,2,3,3,3,6,6,6,5,4,6,6,5,7,6,7,6,2,8,10,8,3,7,7,5,0,3,35,5,3,6,6,6,3,3,6,6,5,6,6,6,,3,8,8,8,5,8,9,2,0,None,5,,53,7,4,5,4,4,4,6,3,3,1,5,3,2,2,2,4,5,5,5,2,4,1,2,0,None,1,,0,4,5,1,4,Safari iPhone,iPhone
126,5,2,2,5,16:35,28.0381012,-80.6115036,10,5,3,2,3,2,5,1,5,1,3,3,3,3,6,1,6,6,5,6,6,6,5,1,8,10,5,5,10,10,9,0,5,95,1,5,5,5,5,5,5,5,5,5,1,1,1,,4,0,0,0,0,0,0,0,0,Dont use,1,,0,0,1,5,5,5,5,5,5,5,5,5,4,4,4,4,4,0,0,0,0,0,0,0,0,Dont use,1,,0,5,1,1,2,Chrome,Windows NT 10.0
127,3,2,3,7,16:54,41.56350708,-93.78420258,7,5,1,1,1,1,1,1,5,5,4,3,3,3,6,3,6,6,5,6,6,3,5,2,7,9,6,1,8,7,4,0,4,40,5,3,3,3,3,6,3,6,6,4,6,6,6,,1,7,9,7,6,9,1,8,0,na,4,,25,8,1,5,5,5,5,5,5,5,5,5,1,1,1,1,3,0,0,0,0,0,0,0,0,na,1,,1,4,4,1,4,Chrome,Windows NT 10.0
128,3,2,1,5,17:48,27.51480103,-80.31089783,10,5,5,2,5,2,5,1,1,4,3,5,5,6,6,3,5,6,5,6,7,6,6,2,7,10,1,5,10,10,5,0,5,85,4,1,6,5,5,4,1,3,6,5,5,5,5,,3,7,10,0,10,7,10,1,0,,1,,15,10,1,6,3,1,3,5,1,5,3,5,1,1,1,1,3,5,5,0,0,0,0,0,0,,1,,0,5,3,1,1,Firefox,Macintosh
129,2,1,1,4,6:30,40.71499634,-111.8934021,6,5,5,3,5,5,3,2,5,5,4,5,5,5,5,5,5,5,5,3,5,7,5,1,8,9,2,4,10,10,6,0,3,40,5,4,6,5,5,5,5,5,6,5,3,3,6,,2,10,7,2,5,10,4,5,0,,1,,5,0,2,5,5,5,5,5,5,5,5,5,1,1,3,4,3,5,5,5,5,5,5,5,5,,1,,0,5,1,1,1,Chrome,Windows NT 10.0
130,4,2,1,8,4:43,35.17869568,-89.75650024,5,1,2,2,3,2,3,2,2,5,4,4,4,4,6,3,6,4,5,7,7,7,6,3,7,8,5,5,5,5,5,0,4,34,1,4,4,4,4,4,4,4,5,4,5,5,5,,3,6,7,7,7,7,7,5,0,,4,,43,6,1,4,4,4,4,4,4,4,4,4,4,4,4,4,3,5,5,5,5,5,5,5,0,,1,,0,5,4,1,1,Chrome,Windows NT 10.0
131,3,1,1,5,18:13,41.70910645,-87.75959778,5,4,2,2,2,2,3,3,5,2,5,4,3,3,6,3,5,5,1,5,4,6,3,2,5,9,8,1,8,9,5,1,2,11,4,3,6,6,5,6,4,1,5,3,5,6,6,,2,8,8,8,1,7,7,5,7,Quality of photos,2,,23,6,1,5,5,5,5,6,5,5,6,5,2,2,4,4,3,5,5,5,5,5,5,5,5,prevalence among others,1,,0,2,2,1,4,Chrome,Macintosh
132,3,1,1,9,6:45,42.97419739,-78.84809875,8,5,3,3,5,5,5,2,5,1,5,5,3,3,3,6,5,5,3,7,7,7,5,3,6,4,4,1,6,6,3,1,1,10,2,5,5,4,4,5,4,4,5,5,2,2,6,,3,5,6,5,2,6,8,5,3,Cool,1,,5,6,1,5,5,5,5,5,5,5,5,5,1,1,1,1,3,0,0,0,0,0,0,0,0,cool,1,,0,5,2,1,1,Chrome,Windows NT 10.0
133,3,1,1,9,7:26,34.19650269,-118.8188019,6,4,4,5,4,5,4,3,4,4,5,4,6,4,6,5,6,5,4,6,7,7,4,4,8,7,7,7,8,7,8,7,3,71,4,5,4,6,5,6,5,6,5,6,6,7,6,,4,8,7,9,8,7,9,8,8,,2,,75,8,4,5,6,6,6,6,6,6,6,6,6,6,7,7,4,8,8,7,8,7,8,8,7,,2,,74,5,4,5,3,Chrome,Windows NT 6.1
134,3,1,1,5,6:08,42.28900146,-83.36859894,5,5,5,2,5,4,4,3,5,5,3,5,5,5,5,5,5,6,5,6,5,5,4,2,8,8,8,1,8,8,5,5,4,80,4,3,5,5,5,5,5,5,6,5,4,5,5,,3,7,7,6,1,6,7,5,5,,2,,5,5,1,5,5,5,5,5,5,5,5,5,1,1,4,4,3,5,5,5,5,5,5,5,5,,1,,0,5,3,1,3,Chrome,Android 7.1.2
135,2,2,3,5,18:14,34.13589478,-117.155304,5,5,3,2,3,1,4,1,2,1,4,3,3,3,4,3,4,3,4,6,6,5,4,3,4,9,0,3,7,5,4,0,5,71,5,4,3,3,3,4,3,3,3,5,6,6,6,,2,6,8,2,4,3,4,2,0,,3,,10,6,2,4,3,3,3,4,3,4,3,5,2,5,6,2,3,4,3,0,5,0,2,0,0,,1,,0,5,4,1,2,Chrome,Windows NT 10.0
136,2,2,1,5,19:01,40.09790039,-75.10780334,7,5,3,1,2,4,2,1,2,5,5,6,5,4,5,6,5,6,5,4,5,6,5,1,6,9,5,6,5,8,6,0,5,93,5,4,5,4,6,3,5,5,6,4,6,7,4,,1,4,7,9,5,7,5,7,0,,4,,55,9,4,4,4,3,3,5,5,4,6,4,3,5,2,5,3,3,6,4,2,6,5,7,0,,4,,35,5,4,2,3,Chrome,Macintosh
137,2,2,1,5,17:49,36.26429749,-95.82769775,5,5,3,2,3,1,5,3,5,1,3,4,4,6,6,3,3,4,4,6,5,5,5,2,5,10,1,6,10,10,5,5,3,21,4,3,3,5,6,6,3,6,6,6,5,1,5,,5,5,8,9,5,10,8,5,0,Fun ,1,,1,1,1,5,5,5,5,5,5,5,5,5,1,1,4,1,3,0,0,0,0,0,0,0,0,Fun,1,,3,4,1,1,1,Safari iPhone,iPhone
138,2,2,1,5,18:28,40.10049438,-74.72029877,7,5,5,2,5,4,3,5,5,1,5,4,3,4,6,4,6,4,5,5,5,6,4,3,5,7,6,4,6,7,6,4,4,88,3,5,4,4,4,6,5,4,4,4,2,2,2,,4,4,8,5,4,7,5,4,9,conformity ,1,,0,2,1,5,4,4,4,6,3,5,4,5,1,2,3,2,3,6,5,4,3,5,2,5,0,n/a,1,,0,2,1,1,2,Chrome,Windows NT 10.0
139,3,1,1,8,4:37,47.82090759,-122.3151016,5,5,5,3,5,5,3,3,2,5,4,4,4,5,6,3,5,4,4,6,6,4,4,3,7,8,7,7,7,8,5,0,3,40,4,4,4,4,4,6,1,5,5,5,5,4,3,,3,6,6,5,6,6,5,5,0,,1,,5,3,1,5,5,5,5,5,5,5,5,5,1,1,1,1,3,5,5,5,5,5,5,5,0,,1,,0,4,2,1,5,Chrome,Windows NT 10.0
140,6,1,1,5,19:43,42.69290161,-87.8042984,7,5,5,2,4,1,1,1,1,1,3,4,4,4,6,1,3,4,4,6,5,4,3,3,8,7,9,3,10,5,5,3,4,100,1,5,5,5,5,5,5,5,5,5,1,1,4,,3,5,5,5,5,5,5,5,5,easy to post content,1,,1,5,1,5,5,5,5,5,5,5,5,5,1,1,4,4,3,0,0,0,0,0,0,0,0,post own content,1,,0,5,1,1,1,Chrome,Windows NT 6.1
141,2,1,1,9,7:37,42.88639832,-78.87809753,7,4,2,3,4,5,4,3,2,3,1,3,4,5,6,5,4,3,5,6,5,4,5,3,5,6,7,8,9,7,8,7,3,64,5,6,5,4,3,4,5,6,5,4,7,6,5,,4,7,7,8,5,6,7,8,6,,3,,43,6,5,6,5,4,3,4,5,6,5,4,3,4,5,6,4,8,8,9,9,8,9,7,8,,3,,75,2,1,2,1,Chrome,Windows NT 6.2
142,5,1,1,8,7:07,40.71429443,-74.0059967,5,4,3,2,5,3,4,2,2,4,4,3,3,4,6,1,5,4,4,2,3,6,2,3,5,8,6,2,8,7,6,5,1,10,4,4,3,4,5,6,1,5,4,6,2,2,6,,2,6,8,7,3,7,5,5,5,,1,,10,6,2,4,1,3,3,5,3,4,4,5,1,1,4,1,3,4,5,5,4,5,5,4,5,,1,,0,4,4,1,5,Chrome,Windows NT 6.3
143,3,2,1,11,10:15,40.73080444,-73.99749756,7,5,1,2,1,2,1,4,3,3,1,6,5,6,5,6,5,6,5,6,5,6,5,1,7,5,7,4,9,5,7,6,6,86,5,6,5,6,5,6,5,6,5,6,7,6,7,,1,8,5,8,6,6,5,7,6,instagram,5,,88,8,5,6,5,6,5,6,5,6,5,6,6,5,6,5,1,9,8,8,9,9,7,8,3,,5,,84,4,5,4,5,Chrome,Windows NT 6.1
144,3,1,3,8,10:42,35.186203,-80.74790192,7,5,5,2,5,2,5,1,5,4,1,6,6,6,6,1,3,5,6,7,7,6,6,3,8,9,8,7,9,9,9,0,1,19,5,1,6,6,6,4,3,3,6,6,7,7,7,,1,9,9,9,9,10,9,9,0,,2,,51,9,2,5,3,3,3,6,1,6,3,5,1,1,1,1,3,5,5,5,5,8,8,8,0,,1,,0,2,5,1,4,Chrome,Windows NT 10.0
145,5,1,1,9,20:37,42.42810059,-71.05460358,8,4,3,1,3,2,2,1,5,4,3,5,4,5,6,3,6,4,5,5,6,7,4,2,8,9,8,5,9,10,6,0,3,55,2,3,4,5,4,6,3,6,5,6,3,2,4,,3,6,5,7,5,7,8,6,0,,1,,2,5,5,4,3,4,4,6,1,6,5,6,6,7,6,6,1,7,9,8,7,10,9,7,0,,2,,40,4,3,5,3,Chrome,Windows NT 10.0
146,3,2,1,4,12:11,27.94749451,-81.92040253,10,5,3,1,3,1,3,3,5,3,1,1,1,6,6,1,3,6,6,7,7,7,7,1,10,10,10,8,10,7,10,0,6,100,4,1,1,1,6,6,1,5,5,6,5,5,5,,2,10,8,10,5,5,9,8,1,,3,,20,3,2,6,1,1,1,1,1,1,1,5,1,5,1,1,4,2,1,1,10,1,1,2,0,,1,,2,5,4,1,1,Chrome,Windows NT 10.0
147,2,1,4,5,12:43,46.84880066,-92.20320129,5,3,2,4,3,3,5,3,2,5,1,3,4,1,1,5,3,4,4,3,2,4,2,2,2,4,4,3,5,3,4,2,1,65,2,3,3,3,5,3,4,4,3,4,2,2,5,,3,5,5,7,3,4,2,5,4,ba,2,,31,6,2,1,3,5,4,3,4,4,3,4,2,2,5,5,3,5,3,5,7,2,5,6,4,na,1,,40,2,2,3,4,Chrome,Windows NT 10.0
148,4,2,1,11,20:47,30.37609863,-91.17829895,0,4,3,3,4,2,3,3,5,2,5,4,4,4,5,4,4,4,4,5,4,3,1,3,6,6,6,0,6,6,6,10,3,70,1,5,5,5,5,5,5,5,5,5,4,4,4,,3,0,0,0,0,0,0,0,0,have not used,1,,1,0,4,5,4,4,4,4,4,4,4,4,5,5,5,5,2,7,7,7,2,6,3,8,9,easy to use while traveling internationally,2,,30,2,1,2,1,Chrome,Windows NT 10.0
149,2,1,1,8,8:48,39.38699341,-74.62169647,7,5,3,2,3,1,3,2,5,5,3,4,4,5,5,3,4,4,4,6,6,6,5,3,7,9,8,6,8,7,7,0,2,25,5,3,4,5,5,4,3,4,5,5,6,6,6,,2,8,8,7,7,8,7,8,0,,3,,25,8,4,3,4,4,4,5,3,5,4,5,5,6,5,5,3,7,7,6,7,8,6,8,0,,2,,16,4,4,4,4,Chrome,Macintosh
150,3,1,1,9,7:06,40.72140503,-74.00520325,10,5,5,5,5,5,5,5,5,1,6,6,6,6,6,6,6,6,6,7,7,7,7,5,10,10,10,10,10,10,10,0,5,100,5,6,6,6,6,6,6,6,6,6,7,7,7,,5,10,10,10,10,10,10,10,0,,5,,100,10,5,6,6,6,6,6,6,6,6,6,7,7,7,7,1,10,10,10,10,10,10,10,0,,6,12,100,5,5,5,1,Chrome,Windows NT 6.1
151,2,2,1,3,9:47,25.78059387,-80.18260193,7,4,3,4,3,4,5,4,3,4,4,5,3,4,4,4,5,4,4,6,6,6,5,2,4,4,4,5,4,4,5,6,3,53,4,6,4,4,6,5,5,4,5,4,4,2,3,,4,6,5,4,6,4,5,5,5,,3,,66,6,4,6,5,5,5,6,5,6,5,6,7,6,6,5,4,6,6,5,6,5,5,4,6,,2,,58,4,4,5,5,Chrome,Windows NT 6.1
152,3,1,1,7,13:46,43.53669739,-96.6984024,3,1,2,2,4,2,1,2,5,2,5,4,4,6,4,4,5,4,5,5,5,6,3,3,6,4,5,1,6,9,3,2,2,10,4,3,5,4,5,6,5,5,6,5,5,6,6,,3,7,5,1,2,1,4,7,1,ads,2,,20,6,3,5,5,5,5,5,5,5,5,5,2,4,4,4,3,5,5,5,5,5,5,5,5,,1,,0,2,4,1,5,Chrome,Windows NT 10.0
153,3,1,1,5,11:13,41.42790222,-71.53639984,0,5,5,3,5,5,3,2,5,5,6,1,1,1,6,5,4,3,1,6,2,6,1,4,9,8,7,0,8,0,0,0,1,2,4,6,1,1,1,6,1,1,1,1,5,1,1,,3,8,6,1,0,7,0,0,0,,1,,0,0,1,5,5,5,5,5,5,5,5,5,2,2,2,2,3,0,0,0,0,0,0,0,0,,1,,0,1,1,1,2,Chrome,Linux x86_64
154,3,1,1,7,10:35,33.57369995,-80.35610199,5,5,4,3,5,5,4,1,4,4,6,5,1,3,6,1,4,5,4,5,5,6,5,3,5,5,5,1,8,6,2,0,2,21,1,5,5,5,5,5,5,5,5,5,1,1,1,,3,0,0,0,0,0,0,0,0,,1,,0,0,1,5,5,5,5,5,5,5,5,5,1,1,1,1,3,0,0,0,0,0,0,0,0,,1,,0,2,1,1,4,Chrome,Windows NT 10.0
155,2,1,2,8,5:53,31.15029907,-85.41139984,4,4,3,3,3,3,2,3,2,1,4,3,4,4,4,4,3,4,4,3,2,3,3,4,5,4,7,4,3,2,0,0,2,34,3,4,4,3,4,4,4,5,4,6,3,3,3,,3,3,2,3,2,2,2,1,0,,3,,40,4,2,3,3,4,4,3,5,3,4,4,3,2,3,3,3,2,1,1,1,1,0,0,0,,6,1,24,3,2,1,3,Chrome,Windows NT 10.0
156,3,1,2,5,13:37,25.73629761,-80.40440369,3,4,3,3,3,4,3,3,4,3,6,6,5,6,5,4,4,5,5,6,5,5,6,2,4,6,5,3,4,5,5,6,3,17,4,6,6,6,6,6,4,6,6,6,6,6,5,,2,6,7,7,7,7,7,6,7,fun,4,,48,4,4,3,4,4,5,5,4,6,6,6,6,6,6,6,2,5,6,6,5,5,3,2,6,communicate,4,,50,3,5,5,5,Chrome,Macintosh
157,4,2,1,8,7:01,39.07000732,-108.5376968,5,4,2,2,2,4,4,4,4,3,5,4,4,4,5,5,5,4,3,3,4,4,2,4,6,7,6,0,9,5,5,5,2,18,2,3,5,4,5,4,4,4,4,4,2,4,4,,3,6,5,5,1,9,5,4,5,n/a,1,,1,5,2,4,4,4,4,5,3,4,4,4,1,1,3,1,3,4,4,4,2,2,4,2,5,n/a,1,,0,2,1,1,4,Chrome,Windows NT 6.1
158,4,2,1,5,13:48,42.0796051,-71.03820038,10,5,5,2,3,1,1,1,5,1,1,5,5,6,4,1,5,4,4,7,7,7,7,1,8,10,6,6,9,10,7,8,6,75,5,3,4,4,4,4,1,4,6,6,6,7,5,,2,8,10,5,7,10,6,5,10,fun,4,,32,10,1,5,5,5,5,5,5,5,5,5,1,1,4,4,3,7,5,4,4,3,0,5,0,Don't know what this is,1,,0,5,4,1,1,Chrome,Windows NT 10.0
159,2,1,5,8,12:18,39.93589783,-75.15339661,4,5,5,4,5,5,1,4,2,5,5,3,3,4,6,1,6,5,6,3,7,1,7,1,4,2,4,2,1,3,3,0,2,49,3,1,3,3,3,1,5,6,3,1,4,5,7,,5,1,3,4,1,3,2,4,0,,1,,17,4,3,1,6,5,4,5,4,4,6,1,5,3,5,4,4,2,4,3,3,4,3,6,0,,1,,13,4,2,4,4,Chrome,Windows NT 10.0
160,5,1,1,9,13:02,33.82049561,-116.4586029,6,3,3,4,3,4,3,4,3,4,4,5,5,5,4,5,5,5,5,5,4,5,4,3,7,7,6,5,6,7,6,6,5,59,4,5,4,4,4,3,4,5,6,6,7,6,6,,4,6,6,5,5,6,6,6,5,,5,,53,5,4,4,3,5,5,5,6,5,5,5,7,5,6,6,4,7,5,6,6,6,5,6,5,,5,,52,4,4,4,3,Chrome,Windows NT 10.0
161,6,1,3,7,7:00,30.290802,-81.63300323,10,5,1,1,1,1,1,1,1,1,6,6,6,6,6,6,6,6,6,7,7,7,7,1,10,10,10,10,10,10,10,10,5,83,5,6,6,6,6,6,6,6,6,6,7,7,7,,1,10,10,10,9,10,10,10,10,,4,,54,10,5,6,6,6,6,6,6,6,6,6,7,7,7,7,2,10,10,10,10,10,10,10,10,,3,,77,5,5,4,5,Chrome,Windows NT 6.1
162,3,1,1,5,20:15,40.10299683,-74.9414978,6,5,5,4,5,2,3,2,5,4,6,5,5,5,6,5,4,4,5,6,6,7,5,2,8,9,8,7,9,9,7,0,2,75,2,3,6,5,5,6,5,3,6,5,1,1,1,,4,6,0,0,5,0,0,0,0,n/a,1,,0,0,1,6,3,3,3,3,5,6,4,4,1,1,1,1,4,0,5,5,5,0,0,0,0,n/a,1,,0,3,1,1,1,Chrome,Windows NT 10.0
163,3,1,1,8,6:21,36.17590332,-86.80930328,2,5,4,3,5,2,3,1,3,4,4,3,1,1,4,3,3,1,3,7,5,3,2,3,7,8,3,1,5,2,2,0,3,32,3,5,4,4,3,3,4,3,4,3,2,3,4,,3,5,4,4,3,6,2,3,0,,1,,0,0,1,5,5,5,5,5,5,5,5,5,4,4,4,4,3,5,5,5,5,5,5,5,0,,1,,0,5,1,1,3,Chrome,CrOS x86_64 10718.88.2
164,2,1,1,8,8:02,42.88639832,-78.87809753,10,5,2,1,1,2,1,2,2,1,1,4,5,5,6,5,6,5,6,6,6,6,7,2,8,7,8,9,8,8,8,0,3,89,5,6,5,6,5,5,6,6,6,6,6,6,7,,2,10,9,9,9,9,8,8,9,,3,,91,9,5,5,6,5,6,5,6,5,6,5,7,6,7,6,2,10,9,9,9,8,9,9,9,,3,,97,5,4,5,3,Chrome,Windows NT 6.3
165,3,2,1,5,14:03,28.00979614,-81.93370056,9,5,2,1,2,2,2,1,5,1,3,5,6,6,6,1,6,6,6,6,6,7,6,2,8,10,8,7,8,8,9,9,6,80,4,3,5,5,6,6,1,6,6,6,4,5,2,,4,3,4,4,5,8,3,3,0,none,4,,20,5,1,5,5,5,5,5,5,5,5,5,1,2,2,2,3,0,0,0,0,0,0,0,0,none,1,,0,5,3,1,2,Chrome,Windows NT 10.0
166,2,1,1,5,11:40,27.43930054,-82.52140045,0,4,5,4,5,5,5,5,4,4,6,1,1,1,6,1,6,1,3,6,1,5,1,4,5,6,4,2,6,0,3,5,1,10,4,5,4,4,4,5,1,5,5,6,4,1,5,,3,5,4,6,4,8,0,0,5,,1,,0,0,1,5,5,5,5,5,5,5,5,5,1,1,4,1,3,5,5,5,5,5,5,5,5,,1,,0,2,1,1,5,Chrome,Windows NT 10.0
167,3,1,3,5,24:01:00,36.13330078,-86.80370331,9,5,1,1,1,1,1,1,1,1,1,6,6,6,6,1,4,5,6,7,6,6,6,1,9,8,9,9,8,9,9,3,1,11,2,1,4,4,4,4,4,4,4,4,4,4,4,,3,2,2,5,5,5,5,5,5,,1,,3,1,1,1,4,4,4,4,4,4,4,4,4,4,4,4,3,5,7,3,5,5,5,5,5,,1,,11,1,1,1,1,Chrome,Windows NT 6.1
168,4,2,1,9,13:20,31.02909851,-97.85350037,9,5,2,1,3,3,2,2,5,1,1,4,4,4,6,1,4,6,6,7,7,7,6,2,8,9,9,4,7,8,8,9,5,92,3,3,4,3,4,3,3,5,5,5,3,2,5,,3,6,4,4,5,6,3,2,8,nice pictures,1,,0,3,4,5,3,3,3,5,1,5,1,4,3,3,5,4,3,5,4,4,5,6,6,2,6,weird interface,1,,0,5,1,1,2,Chrome,Macintosh
169,3,1,5,8,14:17,41.2348938,-96.0490036,10,1,5,2,2,1,5,1,5,1,1,6,6,6,6,4,5,6,6,7,7,7,7,1,10,10,9,9,10,10,9,10,5,92,4,3,5,5,5,5,5,5,5,5,4,1,1,,3,7,8,5,8,10,6,5,8,modern,1,,3,5,1,1,6,5,6,6,1,5,5,6,7,7,7,7,1,8,10,10,5,10,10,1,10,modern,5,,82,5,3,5,3,Chrome,Windows NT 10.0
170,2,2,1,8,7:42,38.77009583,-77.63210297,9,5,1,1,1,1,1,1,1,1,1,6,6,6,6,3,6,6,6,7,7,7,7,1,9,9,9,9,9,9,9,9,5,63,5,1,6,6,6,6,3,6,6,6,7,7,7,,1,8,8,8,8,8,8,8,8,comunication,4,,58,8,5,3,6,6,6,6,1,6,6,6,7,7,7,7,1,10,10,10,10,10,10,10,10,many more,6,,99,5,5,5,1,Chrome,Windows NT 6.1
171,6,2,1,5,25:27:00,30.52520752,-84.33209991,10,4,2,1,1,1,2,2,5,5,5,4,5,5,6,5,5,5,6,6,6,7,7,3,9,10,10,10,10,10,10,0,4,70,1,5,5,5,5,5,5,5,5,5,1,4,4,,3,0,0,0,0,0,0,0,0,none,1,,0,0,1,5,5,5,5,5,5,5,5,5,1,4,4,4,3,0,0,0,0,0,0,0,0,none,1,,0,5,1,1,1,Chrome,Windows NT 6.1
172,2,2,3,8,26:53:00,10.31669617,-72.3167038,6,5,2,1,1,1,1,1,3,5,6,5,5,4,4,3,5,5,5,7,7,7,7,1,7,8,5,7,8,10,6,1,4,80,5,6,6,6,5,5,6,6,6,6,6,7,7,,2,7,7,8,5,4,10,6,0,,5,,62,7,5,6,5,5,6,6,5,6,6,5,7,7,6,6,1,5,9,6,7,7,4,7,1,,4,,81,3,4,4,4,Chrome,Windows NT 6.1
173,2,1,1,4,6:15,42.98750305,-82.46659851,9,5,4,2,5,1,4,2,5,5,4,6,6,6,6,1,6,6,6,6,6,6,6,2,8,10,5,3,10,9,8,5,5,100,4,5,5,5,5,5,5,5,5,5,2,2,2,,3,5,7,5,5,0,0,0,5,N/A,6, ,0,5,1,5,5,5,5,5,5,5,5,5,2,2,2,2,3,5,5,5,5,5,5,5,5,N/A,1,,0,5,1,1,1,Chrome,Windows NT 10.0
174,5,2,1,7,7:43,28.62939453,-81.36190033,1,5,2,2,3,4,4,3,4,4,5,5,5,5,6,1,4,5,5,6,6,6,4,3,8,8,5,2,6,3,6,5,5,84,4,4,4,4,4,5,1,4,4,3,5,2,2,,3,3,2,8,4,5,3,1,2,n/a,1,,5,2,1,4,4,4,4,4,4,4,4,4,1,1,1,1,3,0,0,0,0,0,0,0,0,,1,,1,4,1,1,3,Chrome,Windows NT 10.0
175,3,1,1,7,7:33,37.75100708,-97.8219986,2,4,3,3,5,5,5,5,5,3,3,3,3,6,6,3,5,4,4,3,5,5,3,2,7,8,7,7,9,7,7,5,2,14,5,3,6,6,6,5,4,5,6,4,5,6,6,,2,8,5,4,6,8,5,7,5,,3,,51,6,1,6,3,3,3,3,3,3,3,3,2,2,2,2,3,4,5,5,5,5,5,5,5,,1,,0,2,4,1,4,Chrome,CrOS x86_64 10718.88.2
176,3,1,1,9,6:20,34.19650269,-118.8188019,8,4,4,5,4,5,4,5,4,5,6,6,6,6,6,6,6,6,6,6,7,6,7,4,8,7,9,8,7,8,7,9,2,86,5,6,6,6,6,6,6,6,6,6,6,7,6,,4,8,8,9,8,7,9,7,9,,2,,72,8,4,5,6,5,6,5,6,5,6,5,6,7,6,7,4,8,7,8,7,8,6,8,7,,2,,75,5,5,5,5,Chrome,Windows NT 6.1
177,3,2,1,8,10:05,38.90420532,-77.03199768,7,5,2,1,2,3,2,1,2,2,4,3,1,3,4,1,3,4,3,3,2,1,2,2,9,8,9,7,9,8,7,1,2,72,4,6,5,4,5,6,5,5,4,5,6,7,5,,4,8,7,8,8,7,8,9,1,,3,,82,7,4,6,5,4,5,6,5,6,5,6,5,6,7,6,1,8,8,10,8,7,8,8,3,,3,,78,4,3,5,5,Chrome,Windows NT 10.0
178,4,1,1,7,12:15,34.12229919,-117.7142944,9,5,3,4,5,2,4,3,5,4,3,5,5,5,6,3,4,5,4,6,6,7,6,2,9,9,8,6,8,9,7,0,4,40,4,3,5,5,5,6,4,3,6,5,5,6,6,,2,7,9,8,4,9,10,5,0,n/a,4,,40,9,1,5,5,5,5,5,5,5,5,5,1,1,1,1,3,5,5,5,5,5,5,5,0,n/a,1,,0,5,4,1,3,Chrome,Windows NT 10.0
179,3,2,1,9,9:59,39.91229248,-75.15329742,5,5,3,3,5,2,3,2,5,5,5,4,4,4,6,5,5,4,4,5,6,6,3,3,2,8,4,0,6,2,5,0,5,70,4,3,5,5,5,5,5,4,5,4,5,6,5,,2,7,7,8,4,7,6,5,0,,4,,15,6,2,6,1,1,1,5,3,3,3,3,2,2,4,2,4,1,3,1,1,1,1,1,0,,1,,0,5,3,1,4,Chrome,Macintosh
180,4,1,1,8,11:30,32.26860046,-111.0021973,6,4,3,4,5,5,4,2,3,1,6,3,3,3,6,1,5,4,5,6,6,6,2,2,5,7,5,4,10,9,4,9,1,27,2,3,5,5,4,5,1,1,6,1,1,3,5,,5,5,5,5,1,6,5,0,9,offensive,1,,1,0,1,5,4,4,4,6,3,5,5,4,1,1,4,2,3,5,5,5,5,5,5,1,3,easy to install,1,,0,5,1,1,2,Chrome,Windows NT 10.0
181,2,2,1,9,13:44,30.46769714,-84.13169861,6,5,2,3,5,1,5,1,5,1,6,3,1,3,6,1,1,5,1,6,6,5,2,4,3,9,2,4,8,5,6,9,3,91,4,1,4,1,6,6,1,1,6,1,6,7,6,,2,8,9,6,7,7,1,2,1,Ease of communication ,3,,10,7,1,5,5,5,5,5,5,5,5,5,1,1,4,4,3,5,5,5,5,5,5,5,5,I have never used this app,1,,0,5,4,1,1,Chrome,Windows NT 6.1
182,4,1,1,8,24:07:00,44.27600098,-88.3730011,5,5,3,3,5,3,5,2,5,2,5,4,4,3,6,1,4,3,5,5,5,6,4,4,5,7,7,3,7,2,2,0,2,10,4,4,6,5,5,3,3,4,6,6,5,3,5,,2,6,8,8,4,8,1,1,0,N/A,1,,5,5,5,4,4,5,5,4,3,4,6,6,6,6,5,5,2,7,8,8,6,8,2,2,8,Video calls,2,,20,2,1,2,4,Safari iPhone,iPhone
183,6,1,1,8,10:23,40.92720032,-74.30390167,5,5,5,2,4,3,3,1,5,5,5,5,4,4,6,1,6,3,1,7,6,5,2,3,5,9,8,0,8,9,0,10,4,48,1,5,5,3,3,6,1,6,3,5,1,1,4,,3,5,5,5,0,5,5,5,10,do not use,1,,0,0,4,5,4,3,3,6,1,6,1,5,4,5,4,4,3,5,5,5,5,5,5,5,10,only use for out f copuntry conmtacts,1,,4,5,1,2,1,Firefox,Windows NT 6.1
184,5,2,1,4,14:43,44.45320129,-83.54090118,8,5,4,2,4,1,4,2,4,5,3,6,5,5,4,4,3,5,3,5,4,5,3,2,7,7,5,1,7,8,4,0,4,80,1,4,5,5,5,5,5,5,6,4,2,4,4,,3,1,1,2,1,3,0,2,0,,1,,1,5,1,6,1,1,1,5,1,6,1,1,2,2,2,2,4,0,0,0,0,0,0,0,0,,1,,0,5,1,1,4,Chrome,Windows NT 10.0
185,3,1,1,5,3:24,30.63110352,-88.2818985,2,4,2,2,1,4,3,5,1,1,5,6,6,3,4,4,1,1,5,7,7,3,5,1,7,4,9,2,6,6,9,0,1,66,2,6,6,5,3,4,1,5,3,4,2,7,7,,2,7,4,6,10,3,1,8,0,,3,,63,4,4,3,6,1,3,5,4,4,6,3,5,6,1,3,5,3,8,0,6,4,9,10,0,,2,,76,2,5,3,3,Chrome,Windows NT 10.0
186,3,1,1,5,4:24,39.73510742,-75.66840363,6,5,2,2,3,1,2,2,1,5,3,3,3,1,6,3,5,3,1,5,3,3,4,2,7,4,4,2,7,4,6,0,5,72,4,5,3,4,4,1,5,4,5,1,3,4,3,,2,6,5,5,8,1,4,1,0,,4,,59,3,1,5,5,5,5,5,5,5,5,5,4,4,4,4,3,0,0,0,0,0,0,0,0,,1,,0,3,2,2,4,Chrome,Windows NT 10.0
187,2,1,1,8,22:43,25.78059387,-80.18260193,3,5,3,2,4,1,4,1,4,3,3,4,6,5,5,1,3,4,5,2,4,3,4,3,2,8,1,4,6,8,3,0,5,25,5,1,6,6,6,5,3,4,6,6,4,5,7,,1,9,10,7,4,7,5,8,0,N/A.,5,,35,8,5,1,5,5,6,5,1,5,6,6,6,7,7,7,2,9,10,6,9,6,2,1,0,N/A.,5,,40,4,5,5,3,Chrome,Windows NT 6.1
188,2,1,1,5,8:26,45.65109253,-111.1776962,2,4,5,2,5,4,4,4,5,5,6,5,3,3,6,3,5,5,3,4,4,4,2,3,7,8,6,3,8,5,3,0,1,5,2,5,5,5,3,6,3,5,5,4,1,4,4,,3,7,7,5,5,6,3,5,0,,1,,8,4,1,5,5,5,5,5,5,5,5,5,1,1,4,4,3,5,5,5,5,5,5,5,0,,1,,0,2,2,1,5,Chrome,Windows NT 10.0
189,3,2,1,5,5:50,43.01390076,-71.43520355,10,5,3,1,5,1,3,2,5,4,1,6,6,6,3,1,3,6,6,7,7,7,7,1,10,10,9,9,10,10,8,0,4,90,5,1,6,6,6,3,3,3,6,6,7,7,6,,2,10,9,8,8,10,10,6,0,,2,,5,10,1,5,5,5,5,5,5,5,5,5,1,1,4,4,3,5,5,5,5,5,5,5,0,,1,,0,5,4,1,1,Chrome,Windows NT 10.0
190,2,1,5,8,4:37,40.74969482,-73.85340118,5,4,2,3,3,3,3,3,2,3,4,4,5,3,4,5,5,3,4,4,5,4,5,4,3,4,5,1,4,5,4,3,3,39,4,4,3,5,4,4,5,3,4,4,4,3,5,,3,4,6,5,4,6,5,6,0,na,3,,36,6,4,3,4,5,3,3,4,4,5,4,4,3,4,4,3,4,6,5,5,6,4,4,0,na,4,,34,3,4,4,2,Chrome,Windows NT 10.0
191,3,1,1,4,10:51,29.06550598,-95.38279724,10,5,2,1,2,2,2,1,1,4,3,6,6,5,5,3,6,6,6,6,6,6,6,2,7,10,9,8,10,9,9,0,6,80,5,3,6,5,4,6,4,5,6,5,6,6,4,,3,8,7,7,5,7,7,7,0,n/a,1,,0,7,1,5,5,5,5,5,5,5,5,5,2,2,4,2,3,0,0,0,0,0,0,0,0,I dont know this app,1,,0,5,1,1,1,Chrome,Windows NT 10.0
192,3,3,1,8,7:53,38.2631073,-90.56890106,5,5,5,5,5,2,4,3,3,5,6,1,1,1,6,1,5,1,3,7,6,3,1,3,1,8,6,2,8,8,2,1,5,30,5,6,3,1,3,6,1,1,4,3,7,7,5,,2,6,8,4,2,7,3,2,1,na/,4,,10,5,2,6,1,1,1,6,1,5,1,1,3,2,1,1,3,1,8,1,1,2,2,1,1,n/a,1,,0,4,4,1,4,Chrome,Windows NT 10.0
193,3,2,1,8,14:05,39.7696991,-76.65630341,10,5,1,1,1,1,1,1,1,5,1,6,6,6,6,1,1,6,6,6,7,7,7,1,10,10,10,7,10,10,9,0,5,98,1,5,5,5,5,5,5,5,5,5,1,4,4,,5,0,0,0,0,0,0,0,0,,1,,0,0,1,5,5,5,5,5,5,5,5,5,1,1,4,4,5,0,0,0,0,0,0,0,0,,1,,0,5,1,1,1,Chrome,Windows NT 10.0
194,3,1,1,5,6:18,27.77879333,-82.68229675,7,5,2,2,2,2,2,2,2,4,3,5,5,3,3,3,5,5,6,6,6,6,6,2,7,10,8,5,4,5,7,0,4,70,2,5,5,5,5,5,5,5,5,5,2,2,2,,3,5,5,6,5,5,6,6,0,,1,,0,5,1,5,5,5,5,5,5,5,5,5,1,1,1,1,3,6,5,5,6,5,6,6,0,,1,,0,4,1,1,2,Chrome,Windows NT 10.0
195,3,1,5,8,7:50,40.74000549,-73.93609619,3,4,3,3,4,3,2,2,4,5,5,4,4,4,4,4,4,4,4,6,3,3,3,4,6,6,6,3,5,5,3,0,1,10,4,3,6,6,5,5,3,4,6,5,6,6,6,,2,7,8,8,4,8,8,7,0,,3,,50,8,2,5,5,5,5,5,5,5,5,5,2,2,2,2,4,0,0,0,0,0,0,0,0,,1,,0,2,5,1,4,Chrome,Windows NT 10.0
196,4,1,1,7,12:01,37.35400391,-76.74669647,6,5,3,1,3,1,2,1,3,1,6,3,3,4,6,1,4,5,5,7,4,5,3,3,7,10,1,1,6,7,3,10,5,70,2,5,5,4,6,5,5,5,5,4,2,2,2,,5,5,3,5,2,6,1,1,1,interesting,1,,0,4,1,5,5,5,5,5,5,5,5,5,1,1,1,1,5,1,5,1,1,4,1,1,1,social app,1,,0,4,1,1,2,Chrome,Windows NT 10.0
197,2,2,1,7,9:00,42.65800476,-83.18430328,1,5,3,2,4,2,3,2,4,2,4,3,5,4,4,3,5,5,5,6,6,3,2,5,3,1,2,0,6,5,4,2,1,4,2,5,5,5,5,5,5,5,5,5,1,1,3,,3,0,0,0,0,0,0,0,0,,1,,0,0,2,5,5,5,5,5,5,5,5,5,2,3,4,2,3,5,5,5,5,5,5,5,5,,1,,0,4,1,1,2,Chrome,Macintosh
198,2,1,2,7,12:31,39.48849487,-88.35959625,10,5,1,1,2,2,1,1,1,2,1,6,6,6,6,6,6,6,6,6,7,6,6,1,8,10,8,7,10,10,9,8,6,65,5,1,6,6,6,5,1,6,6,6,7,7,7,,1,10,10,10,7,10,10,10,10,Easy to follow people your interested in,6,10 hours,77,10,4,1,6,5,6,6,3,6,6,6,6,5,6,6,1,8,8,6,9,8,6,7,10,Security ,4,,30,4,5,3,4,Chrome,Windows NT 10.0
199,3,1,1,10,24:26:00,33.67480469,-111.9518967,7,5,1,2,4,1,2,3,4,1,3,6,5,6,5,4,6,6,5,6,7,7,7,2,6,7,6,7,7,7,2,5,4,70,5,3,6,6,5,5,6,3,6,6,6,5,5,,1,8,9,8,8,8,9,8,10,It's totally free,5,,89,9,5,4,5,6,5,5,5,4,5,5,5,4,5,5,2,8,7,7,7,7,7,6,7,Fast,5,,83,4,4,5,1,Chrome,Windows NT 6.1
200,3,2,3,5,9:39,34.3401947,-89.48329926,10,5,2,2,3,1,2,2,5,5,1,6,6,6,6,1,6,6,6,7,7,7,7,1,10,10,10,7,10,9,10,0,4,52,5,1,6,6,6,6,6,6,6,6,5,1,5,,3,2,2,2,3,3,2,1,0,,1,,0,0,3,6,5,5,6,6,1,5,5,5,1,1,1,1,3,0,0,0,0,0,1,1,0,,1,,1,5,1,1,1,Firefox,Windows NT 10.0
201,2,2,1,8,8:27,23.72900391,90.41119385,10,5,1,1,1,2,1,1,1,1,3,4,5,4,3,4,4,6,5,6,6,6,7,1,9,4,7,7,9,7,7,9,5,100,5,4,4,6,5,5,4,4,3,4,6,5,5,,1,7,8,7,9,6,7,9,8,,3,,78,9,5,4,3,3,1,1,3,3,5,4,6,6,7,6,1,7,4,7,6,3,9,7,8,,3,,47,1,2,1,2,Chrome,Windows NT 10.0
202,3,2,1,7,8:57,29.96800232,-90.02929688,10,5,2,1,2,1,1,1,1,5,1,4,4,5,6,3,5,6,5,7,7,7,7,1,7,10,7,8,10,9,9,0,5,90,2,3,4,6,6,6,3,3,5,6,2,2,2,,4,6,4,5,4,6,7,6,0,,1,,1,5,1,5,5,5,5,5,5,5,5,5,1,1,4,4,3,5,5,5,5,5,5,5,0,,1,,0,5,3,3,2,Chrome,Windows NT 10.0
203,4,2,1,8,5:19,42.72860718,-83.14759827,10,5,5,3,5,1,3,2,4,1,3,3,3,4,6,3,6,3,4,5,6,6,5,1,6,10,10,7,8,6,7,5,5,86,3,4,3,1,4,3,3,3,5,4,2,2,3,,4,4,2,4,6,5,4,1,0,connections,1,,1,2,1,4,4,4,4,4,4,4,4,4,1,1,1,1,3,5,5,5,5,5,5,5,5,never used,1,,0,5,1,1,3,Firefox,Windows NT 6.1
204,2,1,3,8,8:50,14.57530212,-60.97450256,1,5,2,3,2,1,3,2,5,2,4,3,3,3,6,3,4,3,3,6,6,6,5,2,5,6,6,1,7,5,6,8,2,20,5,3,4,4,5,4,4,4,6,3,6,6,6,,1,7,8,6,3,5,1,1,9,Cool Pictures,3,,60,6,5,3,4,3,4,3,3,6,4,6,6,7,7,7,1,6,7,5,8,8,0,0,9,Convenient Calling,3,,40,2,4,5,1,Chrome,Windows NT 10.0
205,5,2,3,9,12:53,28.21580505,-82.6595993,8,5,2,2,2,2,2,2,2,2,5,5,5,6,6,5,6,5,5,5,5,5,6,3,8,9,8,8,9,9,9,5,4,52,3,5,5,5,5,5,5,5,5,5,4,4,4,,3,5,5,5,5,5,5,5,5,',1,,0,6,3,5,5,5,5,5,5,5,5,5,4,4,4,4,3,5,6,6,6,5,5,6,0,.,1,,0,5,1,1,1,Chrome,Windows NT 10.0
206,3,2,1,6,11:20,44.94290161,-123.0350952,1,5,5,5,5,3,5,3,5,4,5,1,3,3,5,1,5,3,1,6,5,5,1,4,5,6,2,1,10,10,0,0,2,81,5,5,4,5,4,5,1,5,6,4,6,5,5,,3,7,8,8,4,5,4,1,0,,2,,21,1,1,5,5,5,5,5,5,5,5,5,1,4,4,1,3,0,0,0,0,0,0,0,0,,1,,0,5,1,1,1,Chrome,Windows NT 10.0
207,3,2,1,7,11:30,41.15690613,-85.05560303,10,5,2,3,3,2,3,1,5,5,3,5,5,6,4,1,4,6,4,7,7,7,7,2,7,9,8,7,8,7,8,0,6,99,1,4,6,6,6,4,4,4,6,4,2,3,4,,3,6,5,7,3,9,8,6,0,n/a,1,,1,0,1,3,6,3,4,6,4,6,4,5,1,3,3,2,3,6,6,4,5,6,4,5,0,n/a,1,,1,5,1,1,1,Chrome,Windows NT 6.1
208,4,2,3,5,14:00,40.90829468,-73.83460236,9,5,2,2,3,1,2,1,1,3,4,4,6,6,6,1,6,6,3,6,6,7,5,2,6,8,4,4,8,9,7,1,5,80,4,3,4,6,6,6,6,6,6,4,5,5,5,,2,6,7,8,3,9,6,4,0,,3,,20,8,4,4,4,4,6,6,4,6,4,4,5,3,5,3,3,5,8,6,3,7,7,3,0,,2,,10,5,4,2,2,Chrome,Windows NT 10.0
209,3,2,5,7,11:32,38.68389893,-121.052597,0,5,3,5,5,3,5,3,5,5,6,3,3,1,6,3,3,1,3,6,5,1,2,5,3,10,4,0,8,8,0,1,1,3,5,1,6,6,6,5,1,4,6,6,6,6,6,,1,10,10,8,1,10,10,5,5,Relevance ,3,,70,6,4,5,3,3,3,6,3,6,3,6,5,2,2,2,3,4,10,5,1,9,9,5,7,Clever idea,1,,0,1,5,1,1,Chrome,Android 8.0.0
210,3,2,5,8,10:52,43.01229858,-81.23069763,1,4,3,2,5,5,3,4,5,4,1,6,5,6,4,3,5,6,4,2,2,6,1,3,6,6,7,1,4,5,5,0,1,5,1,1,5,3,3,4,3,3,4,3,1,1,1,,3,5,5,5,5,5,5,5,0,,1,,2,1,1,5,5,5,5,5,3,5,3,3,1,1,1,1,3,5,5,5,5,5,5,5,5,,1,,1,1,1,1,4,Chrome,Windows NT 10.0
211,3,2,1,8,12:07,42.63420105,-72.6026001,5,4,3,3,5,2,2,1,5,1,5,3,4,4,6,1,4,5,5,5,6,7,3,3,6,8,9,4,9,8,4,8,1,100,1,5,3,3,3,6,1,1,6,3,2,1,4,,3,6,7,8,3,7,6,0,9,for young people,1,,0,0,1,5,5,5,5,5,5,5,5,5,1,1,4,4,3,5,5,5,5,5,5,5,2,popularity,1,,0,5,1,1,1,Firefox,Windows NT 10.0
212,4,2,1,6,12:13,32.90829468,-97.42829895,10,5,1,1,2,2,3,3,4,5,3,5,5,5,6,5,4,4,5,6,7,7,6,2,6,10,9,3,9,9,9,10,4,81,4,3,5,5,5,6,5,5,6,5,5,6,5,,2,8,9,7,4,8,7,7,9,family,3,,31,10,1,5,5,5,5,5,5,5,5,5,2,2,4,4,3,5,5,5,5,5,5,5,8,reputation,1,,3,5,3,1,5,Chrome,Windows NT 10.0
213,2,1,1,7,9:22,41.33869934,-72.69069672,9,5,2,1,1,1,1,1,1,1,6,4,5,4,6,1,3,5,4,7,7,7,6,2,9,10,10,7,10,10,9,0,5,80,5,4,5,5,5,4,1,5,5,5,7,6,6,,2,7,8,7,7,7,7,7,0,,4,,15,8,4,5,4,5,5,4,4,3,4,4,3,4,4,5,3,5,9,7,7,6,5,5,0,,2,,5,5,4,2,2,Chrome,Windows NT 6.1
214,2,2,3,8,13:23,30.61309814,-96.32170105,10,5,3,1,2,1,1,1,5,4,1,6,4,4,6,1,6,6,4,7,7,7,7,1,8,9,6,8,9,9,6,5,6,91,5,3,6,6,6,5,3,3,5,3,7,7,6,,4,6,5,7,4,2,3,1,0,,4,,15,5,5,3,6,6,6,6,1,6,6,6,7,7,7,7,1,10,10,10,10,10,1,8,9,PERSONAL,6,56,100,5,4,5,3,Chrome,Macintosh
215,3,2,1,5,3:32,40.50990295,-85.62640381,8,4,2,2,1,1,2,2,1,1,4,5,5,5,6,6,5,5,6,6,5,6,6,2,4,5,5,6,5,6,6,8,5,65,3,4,5,4,4,4,5,5,4,5,6,5,5,,4,3,5,5,7,7,5,7,1,na,1,,50,4,1,6,6,6,6,6,6,6,6,6,7,7,7,7,3,4,5,4,7,7,4,5,2,na,1,,54,4,3,1,1,Chrome,Windows NT 10.0
216,4,2,5,8,10:17,32.23129272,-95.29579926,1,4,2,2,4,2,3,1,3,5,6,3,3,3,5,3,3,1,5,5,4,5,4,4,5,7,7,4,7,7,5,0,1,5,4,3,6,6,6,5,6,5,6,6,5,5,5,,2,9,9,9,5,8,7,6,0,,2,,40,6,3,5,5,5,5,5,5,5,5,5,1,1,1,1,3,0,0,0,0,0,0,0,0,,1,,1,2,4,1,1,Chrome,Macintosh
217,3,1,1,8,19:37,33.9828949,-84.32420349,8,5,2,1,3,2,2,2,5,2,1,4,3,4,1,1,1,4,3,5,4,5,4,2,7,8,9,6,8,9,8,0,6,69,4,1,5,6,5,1,1,3,5,6,5,5,4,,3,7,7,9,7,7,6,7,0,n/a,5,,17,7,5,1,5,4,4,1,1,3,4,5,6,6,6,6,2,6,6,5,5,7,7,6,0,n/a,5,,16,5,4,4,5,Chrome,Windows NT 6.1
218,5,2,1,5,18:01,40.25939941,-81.9641037,5,5,1,1,5,2,5,1,5,5,3,4,3,3,6,3,3,4,1,7,5,6,4,2,6,10,7,0,10,8,6,0,6,90,4,1,5,5,5,5,3,3,6,6,6,6,6,,1,4,5,10,4,10,0,6,0,,1,,9,5,1,1,1,1,1,1,1,1,1,1,1,1,1,1,5,0,0,0,0,0,0,0,0,,1,,1,5,4,1,2,Chrome,Windows NT 6.3
219,3,2,1,9,6:58,43.13110352,-88.33589935,8,5,2,2,3,2,3,2,4,4,3,5,5,5,6,5,5,5,6,6,6,7,6,1,9,9,7,6,9,9,9,0,3,77,5,3,6,5,5,6,4,6,6,6,6,6,6,,2,10,10,7,7,9,5,5,0, na,2,,10,8,1,5,3,3,3,6,3,5,3,5,1,1,4,4,4,0,0,0,0,0,0,0,0,,1,,0,5,4,1,3,Chrome,Macintosh
220,4,2,1,3,14:48,39.90559387,-75.48739624,5,5,3,3,3,1,3,1,2,5,4,4,3,3,4,4,5,5,5,5,6,4,4,3,5,8,6,5,7,7,6,6,5,60,4,3,5,5,5,5,4,5,6,6,5,5,5,,3,7,6,7,6,6,7,7,0,N/A,4,,30,5,1,5,4,4,4,5,5,5,5,5,2,2,2,2,3,0,0,0,0,0,0,0,0,N/A,1,,0,4,2,1,2,Chrome,CrOS x86_64 10718.88.2
221,2,1,1,7,7:42,43.51899719,-96.73220062,2,5,5,2,5,3,3,2,3,4,1,5,5,5,6,3,5,6,6,6,7,7,2,5,7,6,8,0,10,8,6,0,1,10,4,1,6,6,6,5,3,5,6,6,3,2,6,,3,8,6,10,0,10,7,3,0,,1,,5,4,1,3,5,5,5,6,5,6,5,6,1,2,4,2,5,5,6,4,2,5,6,5,0,,1,,2,2,2,1,5,Chrome,Windows NT 10.0
222,4,2,1,5,6:30,38.34150696,-82.51799774,4,1,4,3,3,3,3,3,2,4,4,4,3,3,3,3,3,4,3,2,2,2,2,2,5,4,4,3,4,4,5,0,3,31,5,3,5,4,4,3,4,4,3,4,6,4,4,,3,5,3,4,3,3,4,4,0,,3,,72,7,1,1,1,1,1,1,3,1,1,1,1,1,1,1,3,1,1,0,1,1,1,1,0,,1,,0,3,3,3,3,Chrome,Windows NT 10.0
223,5,1,1,7,17:57,32.85740662,-96.87059784,6,1,4,2,3,2,3,3,4,2,3,6,4,4,6,3,4,6,5,6,6,5,5,2,7,8,8,7,8,7,8,8,4,40,4,3,6,6,5,4,3,6,6,6,6,6,6,,2,9,9,8,9,10,4,7,9,Browsing portfolio's,3,,25,8,1,5,5,5,5,5,5,5,5,5,1,1,1,1,3,0,0,0,0,0,0,0,0,N/A,1,,0,4,4,1,5,Chrome,Windows NT 10.0
224,4,1,5,10,8:31,39.27679443,-76.90149689,2,4,5,3,3,2,5,2,3,2,3,3,3,3,6,1,6,4,4,6,3,4,2,3,5,8,6,1,7,7,4,7,1,11,4,3,6,5,4,6,4,3,6,3,4,2,5,,3,7,3,7,4,6,1,3,8,pretty pictures,1,,27,5,1,3,4,3,3,5,1,4,3,5,1,1,4,2,3,3,5,1,4,5,2,6,7,convenient,1,,7,2,1,1,3,Chrome,Windows NT 10.0
225,2,1,1,8,9:32,32.81480408,-96.87049866,10,5,2,1,3,1,2,1,1,5,6,6,6,6,5,6,5,6,6,7,6,6,7,3,8,10,5,7,5,9,9,0,2,80,5,6,4,6,5,6,6,6,5,6,6,7,6,,4,8,7,6,3,8,7,5,1,,1,,72,7,5,5,4,6,6,6,6,6,6,6,7,6,6,7,4,9,9,6,8,8,7,9,2,,3,,92,5,3,5,4,Chrome,Windows NT 6.2
226,5,1,1,5,7:53,37.76620483,-87.25910187,3,5,5,2,5,3,5,3,5,5,6,3,3,6,6,1,1,1,1,6,6,5,5,3,7,9,3,4,8,6,8,0,4,33,5,6,6,6,5,5,1,1,6,5,6,6,7,,2,8,9,9,4,6,5,9,0,none,5,,50,6,1,5,5,5,5,5,5,5,5,5,1,1,1,1,3,0,0,0,0,0,0,0,0,none,1,,0,4,5,3,3,Chrome,Windows NT 6.3
227,4,1,1,9,7:41,44.68490601,-92.88490295,1,4,3,2,5,4,5,5,5,5,6,3,3,3,6,1,4,1,3,4,2,2,2,3,5,5,3,3,7,7,5,0,1,3,4,5,5,5,5,6,1,5,5,5,4,3,5,,2,7,7,6,5,8,8,5,0,na,1,,5,5,1,5,5,5,5,5,5,5,5,5,1,1,1,1,3,0,0,0,0,0,0,0,0,never used,1,,0,1,1,1,4,Chrome,Macintosh
228,3,2,1,9,6:36,37.34950256,-122.1163025,10,5,2,2,3,2,2,2,5,5,1,6,6,6,4,5,3,6,6,7,7,7,7,2,8,9,7,7,8,8,7,0,3,40,5,1,6,6,6,4,5,4,6,6,7,7,7,,2,8,9,9,8,9,8,8,0,,3,,61,10,1,5,5,5,5,5,5,5,5,5,1,1,1,1,3,5,5,5,5,5,5,5,0,,1,,0,5,5,1,1,Chrome,Windows NT 10.0
229,2,1,1,5,4:25,36.79679871,-76.17669678,6,5,4,4,5,4,4,4,5,1,1,5,5,5,6,5,1,5,5,6,6,7,7,1,5,9,5,5,7,7,8,0,3,100,5,1,3,1,3,3,4,3,3,1,1,1,1,,4,1,2,1,1,1,1,1,0,,1,,0,0,1,4,4,4,4,4,4,4,4,4,4,4,4,4,3,0,0,0,0,0,0,0,0,,1,,0,5,1,1,1,Chrome,Windows NT 10.0
230,3,1,1,8,10:07,42.65409851,-71.92199707,2,5,5,3,5,2,2,2,5,2,3,5,5,5,4,3,5,5,3,6,6,6,5,4,6,5,6,3,4,4,3,2,4,35,5,1,6,5,5,3,3,5,6,6,7,7,7,,1,9,9,6,7,8,6,7,9,Addicting,5,,74,8,2,3,3,3,3,1,1,5,5,5,1,2,2,2,3,4,3,4,3,3,3,3,3,Not used often,3,,8,4,5,2,1,Firefox,Windows NT 10.0
231,3,1,3,8,4:50,41.6934967,-87.61450195,5,5,2,2,5,3,4,1,3,3,4,5,5,3,6,5,4,3,1,6,2,5,3,4,6,4,2,9,7,4,3,0,4,40,4,4,1,3,5,6,5,4,1,3,6,2,4,,3,5,3,2,8,7,5,3,0,na,3,,42,3,2,3,6,5,1,3,3,4,5,5,6,2,3,4,2,3,7,5,2,2,4,8,0,na,1,,1,4,5,3,1,Chrome,Windows NT 10.0
232,3,2,1,6,9:34,37.68119812,-122.1344986,0,1,3,3,3,3,3,3,5,5,6,3,3,3,4,1,5,3,1,5,5,5,4,3,3,6,3,0,10,10,0,0,2,12,5,6,3,3,3,3,3,3,3,3,5,5,5,,3,3,6,5,2,10,3,3,0,,4,,86,3,1,1,1,1,1,1,1,1,1,1,1,1,1,1,3,0,0,0,0,0,0,0,0,,1,,0,3,5,1,2,Chrome,Windows NT 6.1
233,2,2,1,8,9:08,40.31489563,-86.89080048,5,5,2,1,2,3,3,1,5,5,4,4,3,3,6,1,3,5,4,6,6,5,4,4,5,8,2,0,8,7,5,0,4,40,5,3,6,6,6,5,3,4,6,6,6,6,5,,2,10,9,5,7,10,8,4,0,,3,,20,7,1,3,4,3,3,5,1,5,4,6,1,1,1,1,3,5,5,5,5,5,5,5,5,,1,,0,5,4,1,1,Chrome,Windows NT 10.0
234,4,2,3,8,10:55,37.50230408,-77.56929779,9,5,4,3,4,2,4,5,4,4,4,5,5,5,6,3,6,6,6,7,6,6,5,2,8,10,6,2,9,9,8,0,3,80,2,5,5,5,5,4,3,5,6,6,2,2,5,,3,7,8,6,7,9,8,2,0,,1,,0,1,1,4,4,4,4,4,4,5,3,5,2,1,1,1,3,6,6,6,5,6,6,5,0,,1,,0,5,1,1,4,Chrome,Windows NT 10.0
235,3,1,3,9,4:17,40.72140503,-74.00520325,9,5,1,2,1,2,1,2,1,2,1,5,6,5,6,3,6,5,6,7,6,7,6,1,9,9,9,9,9,8,10,8,4,89,5,1,6,5,6,5,6,5,6,5,7,6,7,,1,6,5,8,9,9,10,8,7,,5,,92,10,5,1,6,5,6,5,6,5,6,5,7,6,7,6,1,8,9,8,9,8,9,8,9,,5,,97,5,4,5,4,Chrome,Windows NT 6.1
236,3,1,2,4,6:27,33.9230957,-118.1396027,7,5,5,5,5,2,3,4,5,5,1,4,5,6,6,1,5,3,6,6,6,7,6,3,7,9,9,7,9,10,2,0,2,20,2,6,1,1,3,5,1,5,6,5,2,2,6,,4,4,3,8,2,8,2,1,0,,1,,4,2,4,3,1,1,3,5,1,5,1,5,5,6,5,6,3,3,8,1,2,1,1,1,0,,1,,15,5,1,2,4,Chrome,Macintosh
237,1,1,1,5,8:31,39.99299622,-82.99849701,5,5,5,5,5,3,3,3,5,4,4,6,5,5,6,3,6,3,4,6,6,3,3,2,5,8,7,0,8,8,3,0,1,5,5,3,6,6,6,4,1,6,6,4,6,7,7,,2,8,8,6,0,8,8,3,0,NA,2,,40,8,2,6,4,4,3,4,1,6,1,4,2,1,1,4,3,5,5,5,0,5,5,5,5,NA,1,,0,2,4,1,5,Chrome,Macintosh
238,3,1,5,8,8:36,40.76370239,-73.77249908,5,5,3,4,5,3,4,4,3,4,5,5,3,3,5,4,6,5,5,5,6,6,4,2,5,8,10,2,7,7,5,5,3,85,3,1,3,3,5,4,3,6,6,6,1,1,1,,3,5,5,9,2,10,5,5,5,n/a,1,,0,0,5,3,4,4,1,6,1,5,5,6,6,7,4,5,2,9,10,7,6,9,5,6,5,N/A,2,,20,5,1,4,1,Firefox,Windows NT 10.0
239,2,1,2,9,15:00,44.90159607,-122.9223022,5,5,2,2,2,2,2,1,5,1,3,3,6,4,6,1,6,5,5,6,6,6,5,2,5,7,8,1,6,6,6,7,3,70,4,3,5,5,5,6,3,6,5,6,4,2,3,,3,4,7,6,7,6,6,6,5,Business,1,,0,2,1,3,5,5,5,6,5,6,5,5,6,6,6,6,2,5,7,8,6,7,5,7,4,Video,1,,10,4,1,3,3,Chrome,Macintosh
240,2,1,1,8,4:29,38.77009583,-77.63210297,7,2,1,1,1,1,1,1,1,1,3,5,5,4,4,3,4,4,5,6,6,6,6,2,5,6,6,5,7,6,6,5,3,54,5,4,5,5,4,3,4,5,4,5,7,7,7,,1,9,10,9,9,9,10,9,9,,5,,63,9,5,3,4,3,4,5,3,3,4,4,7,7,7,7,1,10,10,10,10,10,10,10,10,,6,,96,4,5,5,5,Chrome,Macintosh
241,3,1,1,7,6:10,36.11129761,-115.2790985,9,5,5,3,4,1,2,1,3,2,3,1,1,1,6,1,6,3,5,6,6,5,5,2,7,10,8,2,10,10,6,9,3,50,4,1,1,3,3,6,1,6,5,5,5,5,4,,2,8,9,7,9,10,6,3,5,networking,1,,10,6,1,6,1,1,1,6,1,6,1,1,1,1,1,1,4,5,5,5,3,3,2,5,0,popularity,1,,0,5,3,1,2,Chrome,Windows NT 10.0
242,3,1,1,7,20:38,34.22810364,-84.1780014,1,5,5,5,5,3,5,2,4,1,6,5,6,3,5,6,3,5,3,6,5,7,2,2,6,8,1,3,7,2,3,0,1,79,4,5,6,5,3,4,1,4,5,4,5,6,6,,1,8,9,6,3,4,2,6,0,,1,,9,3,1,4,4,4,4,4,4,4,4,4,4,4,4,4,3,5,5,5,5,5,5,5,0,,1,,0,5,4,1,3,Chrome,Windows NT 10.0
243,4,1,1,8,8:39,40.3117981,-88.146698,9,5,3,2,5,2,2,1,3,4,1,1,1,1,6,1,6,1,6,6,6,6,6,2,8,9,10,5,10,10,5,0,5,70,4,1,1,1,1,6,1,6,1,6,5,2,6,,2,7,9,10,5,10,10,4,0,NA,1,,0,4,1,5,5,5,5,5,5,5,5,5,1,1,4,4,3,0,0,0,0,0,0,0,0,NA,1,,0,5,4,1,2,Chrome,Windows NT 10.0
244,4,2,1,8,6:34,40.75059509,-73.82039642,6,5,3,2,4,2,5,3,4,1,3,5,5,5,6,3,6,5,6,5,7,5,4,3,7,7,6,8,8,8,6,3,5,39,4,3,6,5,5,5,4,6,6,6,3,6,5,,2,7,8,5,7,5,8,9,7,search function,3,,19,10,1,5,5,4,5,5,4,5,5,5,1,1,5,4,3,5,5,5,5,5,5,5,0,n/a,1,,0,4,4,1,5,Chrome,Windows NT 10.0
